idx,file,date,burrow,id,sex,ball,trial,temp,flee_dis,release,react,retreat,full_retreat,t1,t2,t3,t4,fs1,fs2,fs3,fs4,speedc,angle,t_angle,orientation,bd_time,emergence,operator,vid_operator,note1,note2,train_emerg,chronic_burrow,mass,weigh_date,path_dist,n_trials_treatment
2,B201_T1_C.MP4,21/03/2024,201,NA,unknown,cork,1,23.4,1.8,1740,1750,1772,Y,1761,NA,NA,NA,0.33,NA,NA,NA,1,116,116,tail,3:36:00 PM,123.56,EG,EG,,,N,N,,,0.655702767,5
3,B201_T2_C.MP4,21/03/2024,201,NA,unknown,cork,2,24,1.5,1271,1284,1292,Y,1292,NA,NA,NA,0.45,NA,NA,NA,1,46,46,head,3:44:00 PM,32.24,EG,RL,Amended distance from video,,N,N,,,0.655702767,5
4,B201_T3_C.MP4,21/03/2024,201,NA,unknown,cork,3,22.1,1.6,2114,2122,2132,Y,2129,NA,NA,NA,0.51,NA,NA,NA,1,29,41,head,3:53:00 PM,122.42,EG,EG,Amended distance from video,,N,N,,,0.655702767,5
5,B201_T4_C.MP4,21/03/2024,201,NA,unknown,cork,4,24.4,2,1274,1284,1309,Y,1294,NA,NA,NA,0.36,NA,NA,NA,1,99,99,tail,3:59:00 PM,41.66,EG,RL,Amended distance from video,,N,N,,,0.655702767,5
6,B201_T5_C.MP4,21/03/2024,201,NA,unknown,cork,5,22.5,2,1021,1029,1039,Y,1036,NA,NA,NA,0.51,NA,NA,NA,1,22,22,head,4:02:00 PM,186,EG,EG,,,N,N,,,0.655702767,5
8,B245_T1_C.MP4,21/03/2024,245,19Y,female,cork,1,24.8,2.2,5542,5552,5565,Y,5561,NA,NA,NA,0.4,NA,NA,NA,1,38,38,head,2:24:00 PM,28.97,RL,EG,,,N,N,0.59,22/03/2024,0.526413762,9
9,B245_T2_C.MP4,21/03/2024,245,19Y,female,cork,2,22.9,2.6,1234,1163,1183,Y,1171,NA,NA,NA,0.45,NA,NA,NA,1,33,33,head,2:29:00 PM,96.27,RL,RL,,,N,N,0.59,22/03/2024,0.526413762,9
10,B245_T3_C.MP4,21/03/2024,245,19Y,female,cork,3,22.9,2.5,6088,6096,6109,Y,6104,NA,NA,NA,0.45,NA,NA,NA,1,34,34,head,2:35:00 PM,144.66,RL,EG,,,N,N,0.59,22/03/2024,0.526413762,9
11,B245_T4_C.MP4,21/03/2024,245,19Y,female,cork,4,26.5,2.3,12505,12517,12540,Y,12523,NA,NA,NA,0.6,NA,NA,NA,1,125,125,tail,2:42:00 PM,88.87,RL,RL,,,N,N,0.59,22/03/2024,0.526413762,9
12,B245_T5_C.MP4,21/03/2024,245,19Y,female,cork,5,20.7,2.3,1817,1678,1693,Y,1688,NA,NA,NA,0.36,NA,NA,NA,1,163,163,tail,2:49:00 PM,289.28,RL,EG,,,N,N,0.59,22/03/2024,0.526413762,9
13,B245_T6_C.MP4,21/03/2024,245,19Y,female,cork,6,21.7,1.7,6516,6528,6538,Y,6535,NA,NA,NA,0.51,NA,NA,NA,1,20,20,tail,3:03:00 PM,97.37,RL,RL,,Backwards into burrow ,N,N,0.59,22/03/2024,0.526413762,9
14,B245_T7_C.MP4,21/03/2024,245,19Y,female,cork,7,25.2,2,11469,11478,11490,Y,11483,NA,NA,NA,0.72,NA,NA,NA,1,128,128,tail,3:06:00 PM,178.59,RL,EG,,,N,N,0.59,22/03/2024,0.526413762,9
15,B245_T8_C.MP4,21/03/2024,245,19Y,female,cork,8,22.2,1.9,1048,1023,1033,Y,1030,NA,NA,NA,0.51,NA,NA,NA,1,9,9,head,3:10:00 PM,370.06,RL,RL,,,N,N,0.59,22/03/2024,0.526413762,9
16,B245_T9_C.MP4,21/03/2024,245,19Y,female,cork,9,22.9,2,3697,3709,3719,Y,3715,NA,NA,NA,0.6,NA,NA,NA,1,127,127,tail,3:30:00 PM,497.73,RL,EG,,,N,N,0.59,22/03/2024,0.526413762,9
18,B302_T1_C.MP4,21/03/2024,302,17Y,female,cork,1,19,2.5,1711,1723,1748,Y,1735,NA,NA,NA,0.3,NA,NA,NA,1,28,33,head,2:53:00 PM,36.62,EG,EG,,,N,N,0.5,22/03/2024,0.824976511,5
19,B302_T2_C.MP4,21/03/2024,302,17Y,female,cork,2,25,2.4,2151,2165,2213,Y,2189,NA,NA,NA,0.15,NA,NA,NA,1,47,47,head,2:56:00 PM,30.11,EG,RL,,,N,N,0.5,22/03/2024,0.824976511,5
20,B302_T3_C.MP4,21/03/2024,302,17Y,female,cork,3,20.5,1.5,1511,1522,1535,Y,1535,NA,NA,NA,0.28,NA,NA,NA,1,140,140,tail,2:58:00 PM,90.53,EG,EG,,,N,N,0.5,22/03/2024,0.824976511,5
21,B302_T4_C.MP4,21/03/2024,302,17Y,female,cork,4,18.7,2.3,2511,2523,2538,Y,2532,NA,NA,NA,0.4,NA,NA,NA,1,152,152,tail,3:04:00 PM,62.53,EG,EG,,,N,N,0.5,22/03/2024,0.824976511,5
22,B302_T5_C.MP4,21/03/2024,302,17Y,female,cork,5,18.5,2,788,800,813,Y,810,NA,NA,NA,0.36,NA,NA,NA,1,46,57,head,3:06:00 PM,46.51,EG,EG,,,N,N,0.5,22/03/2024,0.824976511,5
64,B529_T1C.MP4,24/03/2024,529,20Y,female,cork,1,19.3,2.3,2414,2427,2446,Y,2438,NA,NA,NA,0.33,NA,NA,NA,1,5,5,head,2:02:00 PM,30.65,EG,EG,,,N,N,0.68,22/03/2024,0.384154911,10
65,B529_T2C.MP4,24/03/2024,529,20Y,female,cork,2,12,1.8,1963,1975,1999,Y,1986,NA,NA,NA,0.33,NA,NA,NA,1,176,110,tail,2:13:00 PM,44.3,EG,RL,,,N,N,0.68,22/03/2024,0.384154911,10
66,B529_T3C.MP4,24/03/2024,529,20Y,female,cork,3,20.1,2,1594,1607,1627,Y,1619,NA,NA,NA,0.3,NA,NA,NA,1,167,167,tail,2:16:00 PM,97.75,EG,EG,,,N,N,0.68,22/03/2024,0.384154911,10
67,B529_T4C.MP4,24/03/2024,529,20Y,female,cork,4,22.2,2.2,1713,1724,1754,Y,1733,NA,NA,NA,0.4,NA,NA,NA,1,180,120,tail,2:19:00 PM,119.47,EG,RL,,,N,N,0.68,22/03/2024,0.384154911,10
68,B529_T5C.MP4,24/03/2024,529,20Y,female,cork,5,21,1.8,1315,1327,1340,Y,1335,NA,NA,NA,0.45,NA,NA,NA,1,0,0,head,2:22:00 PM,156.47,EG,EG,,,N,N,0.68,22/03/2024,0.384154911,10
69,B529_T6C.MP4,24/03/2024,529,20Y,female,cork,6,22,2.2,1505,1517,1547,Y,1527,NA,NA,NA,0.36,NA,NA,NA,1,180,135,tail,2:26:00 PM,31.24,EG,RL,Amended distance from video,,N,N,0.68,22/03/2024,0.384154911,10
70,B529_T7C.MP4,24/03/2024,529,20Y,female,cork,7,21.7,2,1253,1266,1279,Y,1275,NA,NA,NA,0.4,NA,NA,NA,1,11,11,head,2:28:00 PM,88.93,EG,EG,,,N,N,0.68,22/03/2024,0.384154911,10
71,B526_T8C.MP4,24/03/2024,529,20Y,female,cork,8,21.6,1.9,1336,1377,1393,Y,1388,NA,NA,NA,0.33,NA,NA,NA,1,180,180,tail,2:31:00 PM,82.09,EG,EG,,,N,N,0.68,22/03/2024,0.384154911,10
72,B529_T9C.MP4,24/03/2024,529,20Y,female,cork,9,22.5,1.8,1387,1399,1412,Y,1409,NA,NA,NA,0.36,NA,NA,NA,1,168,168,tail,2:33:00 PM,43.51,EG,EG,,,N,N,0.68,22/03/2024,0.384154911,10
73,B529_T10C.MP4,24/03/2024,529,20Y,female,cork,10,21.7,1.7,990,1003,1019,Y,1013,NA,NA,NA,0.36,NA,NA,NA,1,20,20,head,2:36:00 PM,79.63,EG,RL,,,N,N,0.68,22/03/2024,0.384154911,10
74,B660_T1C.MP4,24/03/2024,660,22Y,male,cork,1,23.8,2.8,1177,1187,1198,Y,1194,NA,NA,NA,0.51,NA,NA,NA,1,142,142,tail,3:21:00 PM,203.74,RL,EG,,,N,N,0.74,25/03/2024,1.141411794,8
75,B660_T2C.MP4,24/03/2024,660,22Y,male,cork,2,19.2,1.6,4804,4816,4828,Y,4826,NA,NA,NA,0.36,NA,NA,NA,1,50,50,head,3:27:00 PM,184.74,RL,RL,,,N,N,0.74,25/03/2024,1.141411794,8
76,B660_T3C.MP4,24/03/2024,660,22Y,male,cork,3,14.4,1.9,3028,3034,3044,Y,3042,NA,NA,NA,0.45,NA,NA,NA,1,3,3,head,3:32:00 PM,245.2,RL,EG,,,N,N,0.74,25/03/2024,1.141411794,8
77,B660_T4C.MP4,24/03/2024,660,22Y,male,cork,4,18.3,2,3059,3074,3106,Y,3083,NA,NA,NA,0.4,NA,NA,NA,1,44,44,head,3:37:00 PM,150.22,RL,RL,,,N,N,0.74,25/03/2024,1.141411794,8
78,B660_T5C.MP4,24/03/2024,660,22Y,male,cork,5,17,1.8,6345,6348,6360,Y,6358,NA,NA,NA,0.36,NA,NA,NA,1,57,57,head,3:45:00 PM,393.7,RL,EG,,,N,N,0.74,25/03/2024,1.141411794,8
79,B660_T6C.MP4,24/03/2024,660,22Y,male,cork,6,13.8,1.6,1607,1621,1664,Y,1644,NA,NA,NA,0.16,NA,NA,NA,1,120,120,tail,3:53:00 PM,432.07,RL,RL,,,N,N,0.74,25/03/2024,1.141411794,8
80,B660_T7C.MP4,24/03/2024,660,22Y,male,cork,7,17,2.6,4503,4481,4497,Y,4491,NA,NA,NA,0.36,NA,NA,NA,1,150,150,tail,4:01:00 PM,511.05,RL,EG,,,N,N,0.74,25/03/2024,1.141411794,8
81,B660_T8C.MP4,24/03/2024,660,22Y,male,cork,8,14.4,3.1,15456,15470,15509,Y,15477,15498,NA,NA,0.51,0.13,NA,NA,2,167,167,tail,4:11:00 PM,412.37,RL,RL,,,N,N,0.74,25/03/2024,1.141411794,8
100,B341_T1C.MP4,29/03/2024,341,21Y,male,cork,1,15.6,1.8,1459,1472,1490,Y,1482,NA,NA,NA,0.36,NA,NA,NA,1,146,146,tail,1:41:00 PM,37.79,EG,EG,,,N,N,0.84,25/03/2024,0.628373858,10
101,B341_T2C.MP4,29/03/2024,341,21Y,male,cork,2,15.8,2.3,1317,1330,1345,Y,1339,NA,NA,NA,0.4,NA,NA,NA,1,20,20,head,1:44:00 PM,44.89,EG,RL,,,N,N,0.84,25/03/2024,0.628373858,10
102,B341_T3C.MP4,29/03/2024,341,21Y,male,cork,3,16.9,2.2,1081,1096,1176,Y,1110,NA,NA,NA,0.26,NA,NA,NA,1,27,27,tail,1:46:00 PM,67.17,EG,EG,,Backwards into burrow ,N,N,0.84,25/03/2024,0.628373858,10
103,B341_T4C.MP4,29/03/2024,341,21Y,male,cork,4,16.2,2.3,909,924,989,Y,939,NA,NA,NA,0.24,NA,NA,NA,1,150,115,tail,1:50:00 PM,28.65,EG,RL,,,N,N,0.84,25/03/2024,0.628373858,10
104,B341_T5C.MP4,29/03/2024,341,21Y,male,cork,5,16.4,2,1025,1040,1052,Y,1048,NA,NA,NA,0.45,NA,NA,NA,1,37,37,head,1:53:00 PM,47.2,EG,EG,,,N,N,0.84,25/03/2024,0.628373858,10
105,B341_T6C.MP4,29/03/2024,341,21Y,male,cork,6,16.9,2.1,1033,1048,1126,Y,1080,NA,NA,NA,0.11,NA,NA,NA,1,180,180,tail,1:55:00 PM,19.33,EG,RL,,Backwards into burrow ,N,N,0.84,25/03/2024,0.628373858,10
106,B341_T7C.MP4,29/03/2024,341,21Y,male,cork,7,16.3,2.7,864,876,897,Y,888,NA,NA,NA,0.3,NA,NA,NA,1,156,156,tail,1:58:00 PM,20.21,EG,EG,,,N,N,0.84,25/03/2024,0.628373858,10
107,B341_T8C.MP4,29/03/2024,341,21Y,male,cork,8,16.4,2.8,635,651,709,Y,662,NA,NA,NA,0.33,NA,NA,NA,1,157,113,tail,1:59:00 PM,19.81,EG,RL,,,N,N,0.84,25/03/2024,0.628373858,10
108,B341_T9C.MP4,29/03/2024,341,21Y,male,cork,9,14.9,2,1337,1352,1393,Y,1365,NA,NA,NA,0.28,NA,NA,NA,1,132,132,tail,2:03:00 PM,48.31,EG,EG,,,N,N,0.84,25/03/2024,0.628373858,10
109,B341_T10C.MP4,29/03/2024,341,21Y,male,cork,10,14.4,1.8,1066,1084,1100,Y,1095,NA,NA,NA,0.33,NA,NA,NA,1,23,23,head,2:05:00 PM,54.36,EG,RL,,,N,N,0.84,25/03/2024,0.628373858,10
113,B494_T1C.MP4,29/03/2024,494,23Y,female,cork,1,18.3,3.2,2746,2755,2780,Y,2764,2773,NA,NA,0.4,0.2,NA,NA,2,19,20,head,2:05:00 PM,98.59,RL,RL,,,N,N,0.62,26/03/2024,0.850731126,5
114,B494_T2C.MP4,29/03/2024,494,23Y,female,cork,2,15.8,2.1,1972,1985,2005,Y,1997,NA,NA,NA,0.3,NA,NA,NA,1,29,29,head,2:10:00 PM,61.32,RL,EG,,,N,N,0.62,26/03/2024,0.850731126,5
115,B494_T3C.MP4,29/03/2024,494,23Y,female,cork,3,14.7,2.3,1704,1723,1737,Y,1732,NA,NA,NA,0.4,NA,NA,NA,1,0,0,head,2:16:00 PM,59.16,RL,RL,,,N,N,0.62,26/03/2024,0.850731126,5
116,B494_T4C.MP4,29/03/2024,494,23Y,female,cork,4,14.8,2,1967,1958,1988,Y,1975,NA,NA,NA,0.21,NA,NA,NA,1,33,33,tail,2:20:00 PM,57.5,RL,EG,,Backwards into burrow ,N,N,0.62,26/03/2024,0.850731126,5
117,B494_T5C.MP4,29/03/2024,494,23Y,female,cork,5,15.6,2.8,9490,9505,9532,Y,9514,NA,NA,NA,0.4,NA,NA,NA,1,26,50,head,2:23:00 PM,84.22,RL,RL,Chronic behaviours shown,,N,N,0.62,26/03/2024,0.850731126,5
128,B361_T1C.MP4,31/03/2024,361,16Y,male,cork,1,18.2,3,2091,2102,2126,Y,2126,NA,NA,NA,0.15,NA,NA,NA,1,117,117,tail,12:31:00 PM,232.05,RL,EG,,,N,N,0.69,22/03/2024,0.612412773,5
129,B361_T2C.MP4,31/03/2024,361,16Y,male,cork,2,17.1,3,10406,10415,10475,Y,10426,NA,NA,NA,0.33,NA,NA,NA,1,147,133,tail,12:39:00 PM,153,RL,RL,Amended distance from video,,N,N,0.69,22/03/2024,0.612412773,5
130,B361_T3C.MP4,31/03/2024,361,16Y,male,cork,3,14.7,1.5,563,573,586,Y,586,NA,NA,NA,0.28,NA,NA,NA,1,12,12,head,12:43:00 PM,97.1,RL,EG,,,N,N,0.69,22/03/2024,0.612412773,5
131,B361_T4C.MP4,31/03/2024,361,16Y,male,cork,4,14.1,1.5,3297,3318,3333,Y,3327,NA,NA,NA,0.4,NA,NA,NA,1,41,41,head,12:46:00 PM,289.78,RL,RL,,,N,N,0.69,22/03/2024,0.612412773,5
132,B361_T5C.MP4,31/03/2024,361,16Y,male,cork,5,15.1,1.8,1679,1696,1712,Y,1707,NA,NA,NA,0.33,NA,NA,NA,1,20,20,head,1:03:00 PM,202.94,RL,EG,,,N,N,0.69,22/03/2024,0.612412773,5
158,B786_T1_C.MP4,04/04/2024,786,8W,male,cork,1,23.8,5.2,474,484,520,Y,492,502,515,NA,0.45,0.2,0.12,NA,3,178,178,tail,3:02:00 PM,33.97,RL,EG,,,N,N,0.76,04/04/2024,0.798272413,10
159,B786_T2_C.MP4,04/04/2024,786,8W,male,cork,2,24.5,2,2276,2286,2326,Y,2301,NA,NA,NA,0.24,NA,NA,NA,1,105,105,tail,3:07:00 PM,70.25,RL,RL,,,N,N,0.76,04/04/2024,0.798272413,10
160,B786_T3_C.MP4,04/04/2024,786,8W,male,cork,3,25.6,2.2,1135,1143,1169,Y,1160,NA,NA,NA,0.21,NA,NA,NA,1,100,100,tail,3:10:00 PM,50.4,RL,EG,,,N,N,0.76,04/04/2024,0.798272413,10
161,B786_T4_C.MP4,04/04/2024,786,8W,male,cork,4,22.2,2,296,263,278,Y,271,NA,NA,NA,0.45,NA,NA,NA,1,10,10,head,3:14:00 PM,68.74,RL,RL,,,N,N,0.76,04/04/2024,0.798272413,10
162,B786_T5_C.MP4,04/04/2024,786,8W,male,cork,5,22.9,2.1,402,408,422,Y,419,NA,NA,NA,0.33,NA,NA,NA,1,13,13,head,3:17:00 PM,143.15,RL,EG,,,N,N,0.76,04/04/2024,0.798272413,10
163,B786_T6_C.MP4,04/04/2024,786,8W,male,cork,6,23,2.3,111,126,140,Y,133,NA,NA,NA,0.51,NA,NA,NA,1,0,0,head,3:20:00 PM,82.7,RL,RL,,,N,N,0.76,04/04/2024,0.798272413,10
164,B786_T7_C.MP4,04/04/2024,786,8W,male,cork,7,22.2,2,126,142,159,Y,153,NA,NA,NA,0.33,NA,NA,NA,1,20,20,head,3:22:00 PM,88.19,RL,EG,,,N,N,0.76,04/04/2024,0.798272413,10
165,B786_T8_C.MP4,04/04/2024,786,8W,male,cork,8,22.7,2.7,492,505,522,Y,514,NA,NA,NA,0.4,NA,NA,NA,1,0,0,head,3:24:00 PM,62,RL,RL,,,N,N,0.76,04/04/2024,0.798272413,10
166,B786_T9_C.MP4,04/04/2024,786,8W,male,cork,9,22.8,2,276,290,304,Y,300,NA,NA,NA,0.36,NA,NA,NA,1,18,18,head,3:26:00 PM,178.98,RL,EG,,,N,N,0.76,04/04/2024,0.798272413,10
167,B786_T10_C.MP4,04/04/2024,786,8W,male,cork,10,22.6,2.9,6076,6095,6136,Y,6120,NA,NA,NA,0.14,NA,NA,NA,1,0,0,head,3:32:00 PM,48.94,RL,RL,,,N,N,0.76,04/04/2024,0.798272413,10
168,B787_T1_C.MP4,04/04/2024,787,10W,male,cork,1,20,2.5,1019,1027,1045,Y,1040,NA,NA,NA,0.28,NA,NA,NA,1,0,0,head,4:00:00 PM,141.2,RL,EG,,,N,N,0.5,04/04/2024,1.274202703,10
169,B787_T2_C.MP4,04/04/2024,787,10W,male,cork,2,21.1,2.6,465,474,503,Y,481,NA,NA,NA,0.51,NA,NA,NA,1,0,0,head,4:03:00 PM,75.12,RL,RL,,,N,N,0.5,04/04/2024,1.274202703,10
170,B787_T3_C.MP4,04/04/2024,787,10W,male,cork,3,21,2.5,343,351,394,Y,363,NA,NA,NA,0.3,NA,NA,NA,1,0,0,head,4:06:00 PM,148.76,RL,EG,,,N,N,0.5,04/04/2024,1.274202703,10
171,B787_T4_C.MP4,04/04/2024,787,10W,male,cork,4,19.6,2.1,532,543,559,Y,554,NA,NA,NA,0.33,NA,NA,NA,1,10,10,head,4:10:00 PM,140.21,RL,RL,,,N,N,0.5,04/04/2024,1.274202703,10
172,B787_T5_C.MP4,04/04/2024,787,10W,male,cork,5,19.8,1.9,338,353,375,Y,362,NA,NA,NA,0.4,NA,NA,NA,1,0,0,head,4:13:00 PM,67.62,RL,EG,,,N,N,0.5,04/04/2024,1.274202703,10
173,B787_T6_C.MP4,04/04/2024,787,10W,male,cork,6,19.7,1.9,384,395,410,Y,404,NA,NA,NA,0.4,NA,NA,NA,1,0,0,head,4:15:00 PM,100.21,RL,RL,,,N,N,0.5,04/04/2024,1.274202703,10
174,B787_T7_C.MP4,04/04/2024,787,10W,male,cork,7,19,2.7,1145,1151,1192,Y,1161,NA,NA,NA,0.36,NA,NA,NA,1,114,114,tail,4:20:00 PM,110.61,RL,EG,,,N,N,0.5,04/04/2024,1.274202703,10
175,B787_T8_C.MP4,04/04/2024,787,10W,male,cork,8,19.2,1.8,2091,2100,2115,Y,2111,NA,NA,NA,0.33,NA,NA,NA,1,0,0,head,4:23:00 PM,283.87,RL,RL,,,N,N,0.5,04/04/2024,1.274202703,10
176,B787_T9_C.MP4,04/04/2024,787,10W,male,cork,9,18.4,2,313,322,352,Y,339,NA,NA,NA,0.21,NA,NA,NA,1,0,0,head,4:28:00 PM,121.1,RL,EG,,,N,N,0.5,04/04/2024,1.274202703,10
177,B787_T10_C.MP4,04/04/2024,787,10W,male,cork,10,18.5,1.8,327,344,366,Y,359,NA,NA,NA,0.24,NA,NA,NA,1,0,0,head,4:30:00 PM,155.11,RL,RL,,,N,N,0.5,04/04/2024,1.274202703,10
196,B516_T1C.MP4,05/04/2024,516,73Y,male,cork,1,12.6,2.3,1577,1591,1627,Y,1602,NA,NA,NA,0.33,NA,NA,NA,1,46,46,head,10:45:00 AM,80.44,EG,EG,,,Y,N,0.54,30/03/2024,0.97418582,4
197,B516_T2C.MP4,05/04/2024,516,73Y,male,cork,2,12.3,1.8,1377,1385,1405,Y,1399,NA,NA,NA,0.26,NA,NA,NA,1,30,20,head,10:48:00 AM,79.42,EG,RL,,,N,N,0.54,30/03/2024,0.97418582,4
198,B516_T3C.MP4,05/04/2024,516,73Y,male,cork,3,12.5,2.3,1238,1252,1276,Y,1263,NA,NA,NA,0.33,NA,NA,NA,1,55,62,head,10:50:00 AM,42.56,EG,EG,,,N,N,0.54,30/03/2024,0.97418582,4
199,B516_T4C.MP4,05/04/2024,516,73Y,male,cork,4,12.5,1.9,1172,1187,1202,Y,1197,NA,NA,NA,0.36,NA,NA,NA,1,13,13,head,10:52:00 AM,111.18,EG,RL,10 mins between,,N,N,0.54,30/03/2024,0.97418582,4
200,B555_T1_C.MP4,05/04/2024,555,17W,male,cork,1,16.3,2,799,817,877,Y,827,NA,NA,NA,0.36,NA,NA,NA,1,162,162,tail,2:34:00 PM,200.37,RL,EG,,,N,N,0.84,05/04/2024,0.349639807,6
201,B555_T2_C.MP4,05/04/2024,555,17W,male,cork,2,28.8,2.1,3007,3016,3030,Y,3026,NA,NA,NA,0.36,NA,NA,NA,1,175,175,tail,2:43:00 PM,92.96,RL,MJ,,,N,N,0.84,05/04/2024,0.349639807,6
202,B555_T3_C.MP4,05/04/2024,555,17W,male,cork,3,26.8,2,481,491,500,Y,498,NA,NA,NA,0.51,NA,NA,NA,1,16,16,head,2:54:00 PM,51.39,RL,EG,,,N,N,0.84,05/04/2024,0.349639807,6
203,B555_T4_C.MP4,05/04/2024,555,17W,male,cork,4,32.5,2.5,573,581,611,Y,587,NA,NA,NA,0.6,NA,NA,NA,1,155,110,tail,2:57:00 PM,63.47,RL,RL,,,N,N,0.84,05/04/2024,0.349639807,6
204,B555_T5_C.MP4,05/04/2024,555,17W,male,cork,5,27.9,2,1071,1077,1085,Y,1083,NA,NA,NA,0.6,NA,NA,NA,1,12,12,head,3:08:00 PM,67.34,RL,EG,,,N,N,0.84,05/04/2024,0.349639807,6
205,B555_T6_C.MP4,05/04/2024,555,17W,male,cork,6,24.5,2.3,1917,1928,1955,Y,1936,NA,NA,NA,0.45,NA,NA,NA,1,162,162,tail,3:13:00 PM,59.23,RL,MJ,Chronic behaviours shown,,N,N,0.84,05/04/2024,0.349639807,6
245,B460_T1C.MP4,10/04/2024,460,13W,male,cork,1,16.5,4.3,693,699,728,Y,710,NA,NA,NA,0.33,NA,NA,NA,2,164,164,tail,12:54:00 PM,27.75,EG,MJ,Amended distance from video,,N,N,0.74,05/04/2024,0.311686565,10
246,B460_T2C.MP4,10/04/2024,460,13W,male,cork,2,17.1,2.2,832,844,857,Y,854,NA,NA,NA,0.36,NA,NA,NA,1,20,20,head,12:57:00 PM,105.6,EG,EG,,,N,N,0.74,05/04/2024,0.311686565,10
247,B460_T3C.MP4,10/04/2024,460,13W,male,cork,3,18,2.5,853,859,889,Y,869,NA,NA,NA,0.36,NA,NA,NA,1,5,20,head,1:02:00 PM,27.95,EG,RL,,,N,N,0.74,05/04/2024,0.311686565,10
248,B460_T4C.MP4,10/04/2024,460,13W,male,cork,4,18.5,4.1,599,604,633,Y,616,624,NA,NA,0.3,0.18,NA,NA,2,149,149,tail,1:05:00 PM,34.04,EG,EG,,,N,N,0.74,05/04/2024,0.311686565,10
249,B460_T5C.MP4,10/04/2024,460,13W,male,cork,5,18.8,2.5,479,485,503,Y,496,NA,NA,NA,0.33,NA,NA,NA,1,36,42,head,1:06:00 PM,23.08,EG,MJ,,,N,N,0.74,05/04/2024,0.311686565,10
250,B460_T6C.MP4,10/04/2024,460,13W,male,cork,6,18.2,2.4,557,560,573,Y,568,NA,NA,NA,0.45,NA,NA,NA,1,144,144,tail,1:08:00 PM,22.47,EG,EG,,,N,N,0.74,05/04/2024,0.311686565,10
251,B460_T7C.MP4,10/04/2024,460,13W,male,cork,7,17.7,2.8,390,400,435,Y,408,NA,NA,NA,0.45,NA,NA,NA,1,180,130,tail,1:10:00 PM,30.04,EG,RL,Amended distance from video,,N,N,0.74,05/04/2024,0.311686565,10
252,B460_T8C.MP4,10/04/2024,460,13W,male,cork,8,19.4,2.6,439,444,460,Y,454,NA,NA,NA,0.36,NA,NA,NA,1,147,147,tail,1:12:00 PM,24.49,EG,EG,,,N,N,0.74,05/04/2024,0.311686565,10
253,B460_T9C.MP4,10/04/2024,460,13W,male,cork,9,19.4,2.6,646,650,672,Y,662,NA,NA,NA,0.3,NA,NA,NA,1,12,12,head,1:14:00 PM,30.39,EG,MJ,Amended distance from video,,N,N,0.74,05/04/2024,0.311686565,10
254,B460_T10C.MP4,10/04/2024,460,13W,male,cork,10,17.4,1.5,619,631,640,Y,640,NA,NA,NA,0.4,NA,NA,NA,1,132,132,tail,1:18:00 PM,41.85,EG,EG,,,N,N,0.74,05/04/2024,0.311686565,10
255,B768_T1C.MP4,10/04/2024,768,23W,female,cork,1,22.1,4.3,627,633,672,Y,640,648,NA,NA,0.51,0.24,NA,NA,2,170,170,tail,1:27:00 PM,51.62,EG,RL,Amended distance from video,,N,N,0.68,10/04/2024,0.170193639,10
256,B768_T2C.MP4,10/04/2024,768,23W,female,cork,2,22.3,5,496,500,538,Y,508,514,532,NA,0.45,0.26,0.11,NA,3,152,152,tail,1:32:00 PM,24.7,EG,EG,Amended distance from video,,N,N,0.68,10/04/2024,0.170193639,10
257,B768_T3C.MP4,10/04/2024,768,23W,female,cork,3,21.9,2.6,361,370,381,Y,377,NA,NA,NA,0.51,NA,NA,NA,1,164,164,tail,1:34:00 PM,33.82,EG,MJ,,,N,N,0.68,10/04/2024,0.170193639,10
258,B768_T4C.MP4,10/04/2024,768,23W,female,cork,4,21.4,3.5,502,511,555,Y,524,543,NA,NA,0.28,0.11,NA,NA,2,136,136,tail,1:36:00 PM,63.66,EG,EG,Amended distance from video,,N,N,0.68,10/04/2024,0.170193639,10
259,B768_T5C.MP4,10/04/2024,768,23W,female,cork,5,19.3,1.5,612,622,635,Y,631,NA,NA,NA,0.4,NA,NA,NA,1,143,80,tail,1:38:00 PM,70.36,EG,RL,,,N,N,0.68,10/04/2024,0.170193639,10
260,B768_T6C.MP4,10/04/2024,768,23W,female,cork,6,19.8,2.7,519,529,549,Y,538,NA,NA,NA,0.4,NA,NA,NA,1,157,157,tail,1:41:00 PM,18.67,EG,EG,Amended distance from video,,N,N,0.68,10/04/2024,0.170193639,10
261,B768_T7C.MP4,10/04/2024,768,23W,female,cork,7,20.5,2.6,689,698,711,Y,706,NA,NA,NA,0.45,NA,NA,NA,1,173,173,tail,1:42:00 PM,18.9,EG,MJ,,,N,N,0.68,10/04/2024,0.170193639,10
262,B768_T8C.MP4,10/04/2024,768,23W,female,cork,8,19.9,1.5,713,724,732,Y,732,NA,NA,NA,0.45,NA,NA,NA,1,43,43,head,1:47:00 PM,31.16,EG,EG,,,N,N,0.68,10/04/2024,0.170193639,10
263,B768_T9C.MP4,10/04/2024,768,23W,female,cork,9,20.3,2.2,655,664,675,Y,670,NA,NA,NA,0.6,NA,NA,NA,1,180,100,tail,1:49:00 PM,22.32,EG,RL,Amended distance from video,,N,N,0.68,10/04/2024,0.170193639,10
264,B768_T10C.MP4,10/04/2024,768,23W,female,cork,10,21.2,2.9,373,382,394,Y,390,NA,NA,NA,0.45,NA,NA,NA,1,146,146,tail,1:52:00 PM,29.31,EG,EG,,,N,N,0.68,10/04/2024,0.170193639,10
352,B010_T1C.MP4,17/04/2024,10,NA,male,cork,1,17.6,2.5,687,702,716,Y,711,NA,NA,NA,0.4,NA,NA,NA,1,14,14,head,12:11:00 PM,178,EG,EG,Amended distance from video,,N,Y,0.56,03/04/2024,0.351720005,4
353,B010_T2C.MP4,17/04/2024,10,NA,male,cork,2,16.1,1.5,552,568,605,Y,577,NA,NA,NA,0.4,NA,NA,NA,1,170,100,tail,12:21:00 PM,113.25,EG,RL,,,N,N,0.56,03/04/2024,0.351720005,4
354,B010_T3C.MP4,17/04/2024,10,NA,male,cork,3,17.2,1.7,615,625,650,Y,639,NA,NA,NA,0.26,NA,NA,NA,1,156,156,tail,12:25:00 PM,142.43,EG,MJ,,,N,N,0.56,03/04/2024,0.351720005,4
355,B010_T4C.MP4,17/04/2024,10,NA,male,cork,4,18.5,1.9,798,808,862,Y,817,NA,NA,NA,0.4,NA,NA,NA,1,170,80,tail,12:30:00 PM,41.61,EG,RL,,,N,N,0.56,03/04/2024,0.351720005,4
383,B453_T1C.MP4,17/04/2024,453,NA,male,cork,1,16.1,3.5,378,298,356,Y,335,356,NA,NA,0.1,0.06,NA,NA,2,63,100,head,11:35:00 AM,45.69,RL,RL,Amended distance from video,,N,N,0.84,19/04/2024,0.318805405,10
384,B453_T2C.MP4,17/04/2024,453,NA,male,cork,2,15.4,3,719,713,745,Y,730,745,NA,NA,0.21,0.11,NA,NA,2,24,24,head,11:40:00 AM,69.13,RL,MJ,,,N,N,0.84,19/04/2024,0.318805405,10
385,B453_T3C.MP4,17/04/2024,453,NA,male,cork,3,15.9,2.9,708,722,741,Y,731,NA,NA,NA,0.4,NA,NA,NA,1,10,10,head,11:42:00 AM,302.9,RL,RL,,,N,N,0.84,19/04/2024,0.318805405,10
386,B453_T4C.MP4,17/04/2024,453,NA,male,cork,4,18,3.1,243,260,286,Y,271,285,NA,NA,0.33,0.14,NA,NA,2,16,16,head,11:49:00 AM,211.38,RL,EG,,,N,N,0.84,19/04/2024,0.318805405,10
387,B453_T5C.MP4,17/04/2024,453,NA,male,cork,5,17.4,3,592,601,624,Y,610,624,NA,NA,0.4,0.16,NA,NA,2,21,21,head,11:55:00 AM,206.39,RL,MJ,,,N,N,0.84,19/04/2024,0.318805405,10
388,B453_T6C.MP4,17/04/2024,453,NA,male,cork,6,18.6,3,247,228,259,Y,238,259,NA,NA,0.36,0.12,NA,NA,2,17,17,head,11:59:00 AM,130.54,RL,EG,Amended distance from video,,N,N,0.84,19/04/2024,0.318805405,10
389,B453_T7C.MP4,17/04/2024,453,NA,male,cork,7,17.5,3.5,358,374,403,Y,383,403,NA,NA,0.4,0.12,NA,NA,2,15,15,head,12:03:00 PM,47.6,RL,RL,,,N,N,0.84,19/04/2024,0.318805405,10
390,B453_T8C.MP4,17/04/2024,453,NA,male,cork,8,17.2,3,2489,2497,2514,Y,2506,2514,NA,NA,0.4,0.21,NA,NA,2,27,27,head,12:05:00 PM,68.22,RL,MJ,,,N,N,0.84,19/04/2024,0.318805405,10
391,B453_T9C.MP4,17/04/2024,453,NA,male,cork,9,17.4,3,203,219,240,Y,228,240,NA,NA,0.4,0.17,NA,NA,2,10,10,head,12:07:00 PM,125.83,RL,RL,,,N,N,0.84,19/04/2024,0.318805405,10
392,B453_T10C.MP4,17/04/2024,453,NA,male,cork,10,17,3.1,517,508,527,Y,520,527,NA,NA,0.3,0.19,NA,NA,2,19,19,head,12:11:00 PM,80.9,RL,MJ,,,N,N,0.84,19/04/2024,0.318805405,10
407,B736_T1C.MP4,17/04/2024,736,NA,female,cork,1,23.5,2.4,604,614,650,Y,621,NA,NA,NA,0.51,NA,NA,NA,1,10,10,head,1:00:00 PM,45.52,EG,RL,,,N,N,0.85,19/04/2024,1.023455823,10
408,B736_T2C.MP4,17/04/2024,736,NA,female,cork,2,22.3,2.2,817,826,835,Y,833,NA,NA,NA,0.51,NA,NA,NA,1,7,7,head,1:02:00 PM,72.15,EG,MJ,,,N,N,0.85,19/04/2024,1.023455823,10
409,B736_T3C.MP4,17/04/2024,736,NA,female,cork,3,25.8,1.5,750,700,725,Y,711,NA,NA,NA,0.33,NA,NA,NA,1,30,30,head,1:04:00 PM,63.38,EG,RL,,,Y,N,0.85,19/04/2024,1.023455823,10
410,B736_T4C.MP4,17/04/2024,736,NA,female,cork,4,25.1,2.1,722,726,736,Y,733,NA,NA,NA,0.51,NA,NA,NA,1,28,28,head,1:08:00 PM,33.55,EG,EG,Amended distance from video,,N,N,0.85,19/04/2024,1.023455823,10
411,B736_T5C.MP4,17/04/2024,736,NA,female,cork,5,27.7,3.1,399,409,420,Y,415,420,NA,NA,0.6,0.33,NA,NA,2,25,25,head,1:10:00 PM,17.08,EG,MJ,,,N,N,0.85,19/04/2024,1.023455823,10
412,B736_T6C.MP4,17/04/2024,736,NA,female,cork,6,24.3,1.5,474,479,486,Y,486,NA,NA,NA,0.51,NA,NA,NA,1,9,10,head,1:13:00 PM,58.24,EG,EG,Amended distance from video,,N,N,0.85,19/04/2024,1.023455823,10
413,B736_T7C.MP4,17/04/2024,736,NA,female,cork,7,23.3,2.2,464,475,518,Y,483,NA,NA,NA,0.45,NA,NA,NA,1,11,11,head,1:15:00 PM,104.11,EG,RL,,,N,N,0.85,19/04/2024,1.023455823,10
414,B736_T8C.MP4,17/04/2024,736,NA,female,cork,8,20.2,2,456,470,481,Y,478,NA,NA,NA,0.45,NA,NA,NA,1,9,9,head,1:20:00 PM,81.49,EG,MJ,,,Y,N,0.85,19/04/2024,1.023455823,10
415,B736_T9C.MP4,17/04/2024,736,NA,female,cork,9,19,1.8,713,714,NA,N,726,NA,NA,NA,0.3,NA,NA,NA,1,5,5,head,1:23:00 PM,47.12,EG,RL,,,N,N,0.85,19/04/2024,1.023455823,10
416,B736_T10C.MP4,17/04/2024,736,NA,female,cork,10,17.6,1.9,642,668,NA,N,688,NA,NA,NA,0.18,NA,NA,NA,1,9,9,head,1:29:00 PM,24.58,EG,EG,,,N,N,0.85,19/04/2024,1.023455823,10
422,B025_T1C.MP4,18/04/2024,25,NA,female,cork,1,19.6,3.1,979,988,1011,Y,1000,1011,NA,NA,0.3,0.16,NA,NA,2,15,15,head,1:01:00 PM,79.93,EG,EG,,,N,N,0.91,18/04/2024,0.84,5
423,B025_T2C.MP4,18/04/2024,25,NA,female,cork,2,17.2,1.5,596,604,615,Y,615,NA,NA,NA,0.33,NA,NA,NA,1,56,56,head,1:06:00 PM,51.19,EG,MJ,,,N,N,0.91,18/04/2024,0.84,5
424,B025_T3C.MP4,18/04/2024,25,NA,female,cork,3,17.8,1.5,835,870,881,Y,881,NA,NA,NA,0.33,NA,NA,NA,1,53,53,head,1:09:00 PM,84.82,EG,EG,,,N,N,0.91,18/04/2024,0.84,5
425,B025_T4C.MP4,18/04/2024,25,NA,female,cork,4,23.1,1.5,476,491,505,Y,503,NA,NA,NA,0.3,NA,NA,NA,1,40,40,head,1:12:00 PM,115.96,EG,RL,Amended distance from video,,N,N,0.91,18/04/2024,0.84,5
426,B025_T5C.MP4,18/04/2024,25,NA,female,cork,5,19.3,2.5,619,631,659,Y,647,NA,NA,NA,0.23,NA,NA,NA,1,169,169,tail,1:19:00 PM,121.16,EG,MJ,,,Y,N,0.91,18/04/2024,0.84,5
444,B310_T1C.MP4,18/04/2024,310,NA,male,cork,1,15.1,2,701,678,689,Y,685,NA,NA,NA,0.51,NA,NA,NA,1,45,45,head,1:34:00 PM,82.82,RL,MJ,,,N,N,0.86,19/04/2024,1.040332511,10
445,B310_T2C.MP4,18/04/2024,310,NA,male,cork,2,18.9,1.7,531,539,553,Y,549,NA,NA,NA,0.36,NA,NA,NA,1,10,30,head,1:37:00 PM,79.66,RL,RL,,,N,N,0.86,19/04/2024,1.040332511,10
446,B310_T3C.MP4,18/04/2024,310,NA,male,cork,3,22.1,1.9,609,600,615,Y,612,NA,NA,NA,0.3,NA,NA,NA,1,37,37,head,1:43:00 PM,93.45,RL,EG,,,N,N,0.86,19/04/2024,1.040332511,10
447,B310_T4C.MP4,18/04/2024,310,NA,male,cork,4,22.7,1.6,386,395,407,Y,406,NA,NA,NA,0.33,NA,NA,NA,1,36,36,head,1:45:00 PM,43.56,RL,MJ,,,N,N,0.86,19/04/2024,1.040332511,10
448,B310_T5C.MP4,18/04/2024,310,NA,male,cork,5,22.6,1.8,1753,1766,1777,Y,1775,NA,NA,NA,0.4,NA,NA,NA,1,35,35,head,1:47:00 PM,60.34,RL,EG,,,N,N,0.86,19/04/2024,1.040332511,10
449,B310_T6C.MP4,18/04/2024,310,NA,male,cork,6,23.9,2.2,615,626,643,Y,634,NA,NA,NA,0.45,NA,NA,NA,1,26,26,head,1:50:00 PM,39.27,RL,RL,,,N,N,0.86,19/04/2024,1.040332511,10
450,B310_T7C.MP4,18/04/2024,310,NA,male,cork,7,22.5,1.8,160,169,179,Y,177,NA,NA,NA,0.45,NA,NA,NA,1,15,15,head,1:54:00 PM,48.57,RL,MJ,,,N,N,0.86,19/04/2024,1.040332511,10
451,B310_T8C.MP4,18/04/2024,310,NA,male,cork,8,29.8,2.7,452,463,511,Y,473,NA,NA,NA,0.36,NA,NA,NA,1,120,120,tail,1:56:00 PM,54.05,RL,RL,,,N,N,0.86,19/04/2024,1.040332511,10
452,B310_T9C.MP4,18/04/2024,310,NA,male,cork,9,28.5,2.3,106,114,125,Y,122,NA,NA,NA,0.45,NA,NA,NA,1,169,169,tail,1:58:00 PM,39.87,RL,EG,,Backwards into burrow ,N,N,0.86,19/04/2024,1.040332511,10
453,B310_T10C.MP4,18/04/2024,310,NA,male,cork,10,27.3,2.6,2559,2567,2579,Y,2574,NA,NA,NA,0.51,NA,NA,NA,1,23,23,head,2:01:00 PM,37.29,RL,MJ,,,N,N,0.86,19/04/2024,1.040332511,10
483,B365_T1C.MP4,19/04/2024,365,34W,female,cork,1,24.5,1.5,627,634,657,Y,657,NA,NA,NA,0.16,NA,NA,NA,1,109,109,tail,1:03:00 PM,80.25,EG,MJ,Adjusted setup,,N,N,0.74,15/04/2024,0.978166054,10
484,B365_T2C.MP4,19/04/2024,365,34W,female,cork,2,23.2,2,637,641,682,Y,650,NA,NA,NA,0.4,NA,NA,NA,1,146,146,tail,1:05:00 PM,92.98,EG,EG,,,N,N,0.74,15/04/2024,0.978166054,10
485,B365_T3C.MP4,19/04/2024,365,34W,female,cork,3,20.7,2,588,595,607,Y,603,NA,NA,NA,0.45,NA,NA,NA,1,10,10,head,1:08:00 PM,54.78,EG,RL,,,N,N,0.74,15/04/2024,0.978166054,10
486,B365_T4C.MP4,19/04/2024,365,34W,female,cork,4,24.1,1.9,536,552,560,Y,557,NA,NA,NA,0.72,NA,NA,NA,1,13,13,head,1:12:00 PM,50.98,EG,MJ,Adjusted setup,,N,N,0.74,15/04/2024,0.978166054,10
487,B365_T5C.MP4,19/04/2024,365,34W,female,cork,5,24.4,1.6,557,568,583,Y,577,NA,NA,NA,0.4,NA,NA,NA,1,15,15,head,1:14:00 PM,40.27,EG,RL,,,N,N,0.74,15/04/2024,0.978166054,10
488,B365_T6C.MP4,19/04/2024,365,34W,female,cork,6,27.5,2,417,423,441,Y,431,NA,NA,NA,0.45,NA,NA,NA,1,127,127,tail,1:19:00 PM,34.53,EG,EG,,,Y,N,0.74,15/04/2024,0.978166054,10
489,B365_T7C.MP4,19/04/2024,365,34W,female,cork,7,34.6,1.9,439,445,456,Y,454,NA,NA,NA,0.4,NA,NA,NA,1,4,4,head,1:21:00 PM,20.02,EG,MJ,,,N,N,0.74,15/04/2024,0.978166054,10
490,B365_T8C.MP4,19/04/2024,365,34W,female,cork,8,26.3,1.5,465,472,482,Y,482,NA,NA,NA,0.36,NA,NA,NA,1,130,130,tail,1:24:00 PM,32.04,EG,EG,,,N,N,0.74,15/04/2024,0.978166054,10
491,B365_T9C.MP4,19/04/2024,365,34W,female,cork,9,30.8,2.2,383,393,439,Y,401,NA,NA,NA,0.45,NA,NA,NA,1,150,100,tail,1:26:00 PM,30.33,EG,RL,,,N,N,0.74,15/04/2024,0.978166054,10
492,B365_T10C.MP4,19/04/2024,365,34W,female,cork,10,29.7,1.5,956,964,974,Y,974,NA,NA,NA,0.36,NA,NA,NA,1,31,31,tail,1:32:00 PM,36.49,EG,MJ,,,N,N,0.74,15/04/2024,0.978166054,10
493,B446_T1C.MP4,21/04/2024,446,45W,female,cork,1,18.3,5.1,643,600,678,Y,613,623,640,NA,0.28,0.16,0.09,NA,3,180,170,tail,10:48:00 AM,51.3,EG,RL,,,N,N,0.94,14/04/2024,0.432891605,10
494,B446_T2C.MP4,21/04/2024,446,45W,female,cork,2,18.9,4.2,433,392,435,Y,404,423,NA,NA,0.3,0.12,NA,NA,2,16,16,head,10:50:00 AM,174.91,EG,EG,Amended distance from video,,N,N,0.94,14/04/2024,0.432891605,10
495,B446_T3C.MP4,21/04/2024,446,45W,female,cork,3,16.1,4.9,571,563,610,Y,575,583,603,NA,0.3,0.18,0.09,NA,3,180,180,tail,10:55:00 AM,138.55,EG,MJ,,,N,N,0.94,14/04/2024,0.432891605,10
496,B446_T4C.MP4,21/04/2024,446,45W,female,cork,4,19.7,4.1,539,544,582,Y,556,566,NA,NA,0.3,0.16,NA,NA,2,164,164,tail,11:02:00 AM,125.49,EG,EG,,,N,N,0.94,14/04/2024,0.432891605,10
497,B446_T5C.MP4,21/04/2024,446,45W,female,cork,5,15,1.5,400,409,430,Y,422,NA,NA,NA,0.28,NA,NA,NA,1,23,23,head,11:06:00 AM,60.91,EG,RL,Amended distance from video,,N,N,0.94,14/04/2024,0.432891605,10
498,B446_T6C.MP4,21/04/2024,446,45W,female,cork,6,17.7,3,415,427,456,Y,439,456,NA,NA,0.3,0.12,NA,NA,2,141,141,tail,11:16:00 AM,107.12,EG,MJ,,,N,N,0.94,14/04/2024,0.432891605,10
499,B446_T7C.MP4,21/04/2024,446,45W,female,cork,7,15.2,2.3,392,404,427,Y,416,NA,NA,NA,0.3,NA,NA,NA,1,20,20,head,11:18:00 AM,71.65,EG,RL,,,N,N,0.94,14/04/2024,0.432891605,10
500,B446_T8C.MP4,21/04/2024,446,45W,female,cork,8,18.8,3.4,465,417,457,Y,434,455,NA,NA,0.21,0.09,NA,NA,2,165,165,tail,11:24:00 AM,84.48,EG,EG,,,N,N,0.94,14/04/2024,0.432891605,10
501,B446_T9C.MP4,21/04/2024,446,45W,female,cork,9,14.8,2.3,675,688,705,Y,698,NA,NA,NA,0.36,NA,NA,NA,1,22,22,head,11:26:00 AM,76.74,EG,MJ,,,Y,N,0.94,14/04/2024,0.432891605,10
502,B446_T10C.MP4,21/04/2024,446,45W,female,cork,10,16.1,4,547,498,532,Y,510,518,NA,NA,0.3,0.18,NA,NA,2,151,151,tail,11:35:00 AM,90.35,EG,EG,,,N,N,0.94,14/04/2024,0.432891605,10
503,B450_T1C.MP4,21/04/2024,450,44W,male,cork,1,31.5,2.6,394,404,439,Y,424,NA,NA,NA,0.18,NA,NA,NA,1,10,30,head,1:13:00 PM,21.21,EG,RL,,,N,N,0.81,15/04/2024,0.362078518,9
504,B450_T2C.MP4,21/04/2024,450,44W,male,cork,2,34.4,2.3,950,959,978,Y,968,NA,NA,NA,0.4,NA,NA,NA,1,52,52,head,1:14:00 PM,28.38,EG,MJ,,,N,N,0.81,15/04/2024,0.362078518,9
505,B450_T3C.MP4,21/04/2024,450,44W,male,cork,3,30.3,2.1,483,494,533,Y,523,NA,NA,NA,0.12,NA,NA,NA,1,55,55,head,1:16:00 PM,39.25,EG,RL,,,N,N,0.81,15/04/2024,0.362078518,9
506,B450_T4C.MP4,21/04/2024,450,44W,male,cork,4,33.3,1.8,567,576,592,Y,586,NA,NA,NA,0.36,NA,NA,NA,1,69,69,head,1:18:00 PM,67.35,EG,EG,Adjusted setup,,N,N,0.81,15/04/2024,0.362078518,9
507,B450_T5C.MP4,21/04/2024,450,44W,male,cork,5,32.7,3,527,537,587,Y,545,587,NA,NA,0.45,0.07,NA,NA,2,149,149,tail,1:22:00 PM,25.62,EG,MJ,,,N,N,0.81,15/04/2024,0.362078518,9
508,B450_T6C.MP4,21/04/2024,450,44W,male,cork,6,35.4,2.5,436,446,473,Y,464,NA,NA,NA,0.2,NA,NA,NA,1,42,42,head,1:23:00 PM,21.22,EG,EG,,,N,N,0.81,15/04/2024,0.362078518,9
509,B450_T7C.MP4,21/04/2024,450,44W,male,cork,7,31.8,2.5,382,393,410,Y,401,NA,NA,NA,0.45,NA,NA,NA,1,38,38,head,1:24:00 PM,43.94,EG,RL,Amended distance from video,,N,N,0.81,15/04/2024,0.362078518,9
510,B450_T8C.MP4,21/04/2024,450,44W,male,cork,8,32.7,1.9,491,498,532,Y,527,NA,NA,NA,0.12,NA,NA,NA,1,91,91,tail,1:26:00 PM,43.73,EG,MJ,,,N,N,0.81,15/04/2024,0.362078518,9
512,B450_T10C.MP4,21/04/2024,450,44W,male,cork,10,32.7,2.8,557,567,NA,N,585,NA,NA,NA,0.2,NA,NA,NA,1,31,31,head,1:30:00 PM,18.99,EG,EG,Amended distance from video,,N,N,0.81,15/04/2024,0.362078518,9
525,B506_T1C.MP4,22/04/2024,506,NA,male,cork,1,25.8,5,610,620,654,Y,629,646,652,NA,0.4,0.14,0.11,NA,3,162,162,tail,1:34:00 PM,78.65,EG,MJ,,,N,N,,,0.598090237,10
526,B506_T2C.MP4,22/04/2024,506,NA,male,cork,2,16.4,1.5,541,548,557,Y,557,NA,NA,NA,0.4,NA,NA,NA,1,43,43,head,1:38:00 PM,92.07,EG,EG,,,N,N,,,0.598090237,10
527,B506_T3C.MP4,22/04/2024,506,NA,male,cork,3,19.7,3.9,395,406,433,Y,415,424,NA,NA,0.4,0.2,NA,NA,2,15,15,head,1:40:00 PM,68.74,EG,RL,,,N,N,,,0.598090237,10
528,B506_T4C.MP4,22/04/2024,506,NA,male,cork,4,20.1,4.5,483,494,519,Y,502,506,519,NA,0.45,0.3,0.14,NA,3,149,149,tail,1:48:00 PM,21.07,EG,MJ,,,N,N,,,0.598090237,10
529,B506_T5C.MP4,22/04/2024,506,NA,male,cork,5,21,5.2,438,448,NA,N,454,459,NA,NA,0.6,0.33,NA,NA,2,143,143,tail,1:50:00 PM,60.25,EG,RL,Adjusted setup,,N,N,,,0.598090237,10
530,B506_T6C.MP4,22/04/2024,506,NA,male,cork,6,18.5,5.5,461,469,508,Y,478,483,488,NA,0.4,0.26,0.19,NA,3,165,165,tail,1:52:00 PM,43.81,EG,EG,,,Y,N,,,0.598090237,10
531,B506_T7C.MP4,22/04/2024,506,NA,male,cork,7,20.3,4.5,309,321,352,Y,332,343,352,NA,0.33,0.16,0.12,NA,3,42,42,head,1:53:00 PM,32.94,EG,MJ,,,N,N,,,0.598090237,10
532,B506_T8C.MP4,22/04/2024,506,NA,male,cork,8,16.8,1.9,236,247,259,Y,256,NA,NA,NA,0.4,NA,NA,NA,1,27,27,head,1:55:00 PM,31.06,EG,EG,,,N,N,,,0.598090237,10
533,B506_T9C.MP4,22/04/2024,506,NA,male,cork,9,21.5,4,266,281,319,Y,291,306,NA,NA,0.36,0.14,NA,NA,2,32,32,head,1:58:00 PM,51.04,EG,RL,,,N,N,,,0.598090237,10
534,B506_T10C.MP4,22/04/2024,506,NA,male,cork,10,20.4,3.1,352,364,383,Y,371,383,NA,NA,0.51,0.19,NA,NA,2,33,33,head,1:59:00 PM,157.5,EG,MJ,,,N,N,,,0.598090237,10
541,B215_T1C.MP4,24/04/2024,215,47W,male,cork,1,24.9,1.7,523,535,547,Y,542,NA,NA,NA,0.51,NA,NA,NA,1,15,15,head,11:52:00 AM,57.23,EG,RL,Amended distance from video,,Y,N,0.91,17/04/2024,0.153310908,4
542,B215_T2C.MP4,24/04/2024,215,47W,male,cork,2,25.6,2,800,812,822,Y,820,NA,NA,NA,0.45,NA,NA,NA,1,22,22,head,11:58:00 AM,70.63,EG,EG,,,N,N,0.91,17/04/2024,0.153310908,4
543,B215_T3C.MP4,24/04/2024,215,47W,male,cork,3,22,2.3,531,541,552,Y,550,NA,NA,NA,0.4,NA,NA,NA,1,9,9,head,12:02:00 PM,64.75,EG,MJ,,,N,N,0.91,17/04/2024,0.153310908,4
544,B215_T4C.MP4,24/04/2024,215,47W,male,cork,4,19.8,2,751,753,765,Y,762,NA,NA,NA,0.4,NA,NA,NA,1,17,17,head,12:04:00 PM,227.92,EG,EG,Amended distance from video,,N,N,0.91,17/04/2024,0.153310908,4
559,B265_T1C.MP4,10/04/2024,265,26W,female,cork,1,21.8,3,755,727,752,Y,735,742,NA,NA,0.45,0.24,NA,NA,2,167,113,tail,2:54:00 PM,66.34,EG,RL,Amended distance from video,,N,N,0.68,10/04/2024,0.900670202,5
560,B265_T2C.MP4,10/04/2024,265,26W,female,cork,2,21.3,2,681,686,700,Y,696,NA,NA,NA,0.36,NA,NA,NA,1,142,142,tail,3:01:00 PM,87.13,EG,EG,,,N,N,0.68,10/04/2024,0.900670202,5
561,B265_T3C.MP4,10/04/2024,265,26W,female,cork,3,19.1,2.1,695,707,716,Y,713,NA,NA,NA,0.6,NA,NA,NA,1,7,7,head,3:07:00 PM,75.97,EG,MJ,,,N,N,0.68,10/04/2024,0.900670202,5
562,B265_T4C.MP4,10/04/2024,265,26W,female,cork,4,20.9,2,535,542,553,Y,550,NA,NA,NA,0.45,NA,NA,NA,1,27,27,head,3:09:00 PM,268.61,EG,EG,,,N,N,0.68,10/04/2024,0.900670202,5
563,B265_T5C.MP4,10/04/2024,265,26W,female,cork,5,20.7,1.5,435,447,477,Y,456,NA,NA,NA,0.4,NA,NA,NA,1,10,40,head,3:15:00 PM,138.67,EG,RL,,,Y,N,0.68,10/04/2024,0.900670202,5
564,B531_T1C.MP4,10/04/2024,531,29W,male,cork,1,21.4,5.8,1046,1059,1109,Y,1067,1074,1099,NA,0.45,0.24,0.09,NA,3,166,166,tail,1:25:00 PM,50.82,RL,MJ,,,N,N,0.72,13/04/2024,0.539299698,10
565,B531_T2C.MP4,10/04/2024,531,29W,male,cork,2,23.5,5.6,627,554,615,Y,563,572,594,NA,0.4,0.2,0.09,NA,3,163,180,tail,1:28:00 PM,70.11,RL,RL,,,N,N,0.72,13/04/2024,0.539299698,10
566,B531_T3C.MP4,10/04/2024,531,29W,male,cork,3,18.7,3.4,800,767,800,Y,779,796,NA,NA,0.3,0.12,NA,NA,2,10,10,head,1:31:00 PM,41.12,RL,EG,,,N,N,0.72,13/04/2024,0.539299698,10
567,B531_T4C.MP4,10/04/2024,531,29W,male,cork,4,17.5,2.5,255,269,280,Y,276,NA,NA,NA,0.51,NA,NA,NA,1,21,21,head,1:32:00 PM,62.4,RL,MJ,,,N,N,0.72,13/04/2024,0.539299698,10
568,B531_T5C.MP4,10/04/2024,531,29W,male,cork,5,16.5,3,338,312,343,Y,326,343,NA,NA,0.26,0.12,NA,NA,2,149,149,tail,1:34:00 PM,67.13,RL,EG,,,N,N,0.72,13/04/2024,0.539299698,10
569,B531_T6C.MP4,10/04/2024,531,29W,male,cork,6,16.4,2.8,193,206,241,Y,216,NA,NA,NA,0.36,NA,NA,NA,1,12,12,head,1:37:00 PM,59.73,RL,RL,,,N,N,0.72,13/04/2024,0.539299698,10
570,B531_T7C.MP4,10/04/2024,531,29W,male,cork,7,18,5.6,583,590,631,Y,600,610,619,NA,0.36,0.18,0.12,NA,3,158,158,tail,1:39:00 PM,43.4,RL,MJ,,,N,N,0.72,13/04/2024,0.539299698,10
571,B531_T8C.MP4,10/04/2024,531,29W,male,cork,8,16.8,4.5,582,593,639,Y,605,620,NA,NA,0.3,0.13,NA,NA,2,15,15,head,1:43:00 PM,66.28,RL,RL,,,N,N,0.72,13/04/2024,0.539299698,10
572,B531_T9C.MP4,10/04/2024,531,29W,male,cork,9,16.5,2.8,362,374,390,Y,383,NA,NA,NA,0.4,NA,NA,NA,1,12,12,head,1:46:00 PM,57.8,RL,EG,,,N,N,0.72,13/04/2024,0.539299698,10
573,B531_T10C.MP4,10/04/2024,531,29W,male,cork,10,17.5,4.3,149,161,183,Y,170,176,NA,NA,0.4,0.24,NA,NA,2,151,151,tail,1:48:00 PM,48.55,RL,MJ,,,N,N,0.72,13/04/2024,0.539299698,10
574,B646_T1C.MP4,10/04/2024,646,25W,female,cork,1,24.2,3.6,626,630,655,Y,642,649,NA,NA,0.3,0.19,NA,NA,2,70,70,tail,2:25:00 PM,23.45,EG,EG,Amended distance from video,,N,N,0.54,10/04/2024,0.854538416,10
575,B646_T2C.MP4,10/04/2024,646,25W,female,cork,2,27.6,3.5,417,427,461,N,435,444,NA,NA,0.45,0.21,NA,NA,2,140,140,tail,2:27:00 PM,24.11,EG,RL,,,N,N,0.54,10/04/2024,0.854538416,10
576,B646_T3C.MP4,10/04/2024,646,25W,female,cork,3,24.3,2.2,391,401,413,N,407,NA,NA,NA,0.6,NA,NA,NA,1,115,115,tail,2:28:00 PM,18.2,EG,MJ,,,N,N,0.54,10/04/2024,0.854538416,10
577,B646_T4C.MP4,10/04/2024,646,25W,female,cork,4,23.8,3.5,617,629,NA,N,647,673,NA,NA,0.2,0.08,NA,NA,2,100,100,tail,2:30:00 PM,14.54,EG,RL,,,N,N,0.54,10/04/2024,0.854538416,10
578,B646_T5C.MP4,10/04/2024,646,25W,female,cork,5,29.2,3,352,364,393,N,378,393,NA,NA,0.26,0.12,NA,NA,2,49,49,head,2:31:00 PM,19.55,EG,EG,,,N,N,0.54,10/04/2024,0.854538416,10
579,B646_T6C.MP4,10/04/2024,646,25W,female,cork,6,26.8,3.4,393,402,421,N,410,417,NA,NA,0.45,0.24,NA,NA,2,131,131,tail,2:33:00 PM,23.21,EG,MJ,,,N,N,0.54,10/04/2024,0.854538416,10
580,B646_T7C.MP4,10/04/2024,646,25W,female,cork,7,23.5,3.2,711,719,NA,N,728,NA,NA,NA,0.4,NA,NA,NA,1,16,16,head,2:34:00 PM,8.9,EG,EG,Amended distance from video,,N,N,0.54,10/04/2024,0.854538416,10
581,B646_T8C.MP4,10/04/2024,646,25W,female,cork,8,27.5,3.5,754,767,NA,N,779,NA,NA,NA,0.3,NA,NA,NA,1,40,40,head,2:36:00 PM,9.45,EG,RL,Adjusted setup,,N,N,0.54,10/04/2024,0.854538416,10
582,B646_T9C.MP4,10/04/2024,646,25W,female,cork,9,19.7,1.9,317,327,340,Y,337,NA,NA,NA,0.36,NA,NA,NA,1,48,48,head,2:38:00 PM,17.15,EG,MJ,,,N,N,0.54,10/04/2024,0.854538416,10
583,B646_T10C.MP4,10/04/2024,646,25W,female,cork,10,19.9,2,778,789,NA,N,818,NA,NA,NA,0.12,NA,NA,NA,1,45,45,head,2:39:00 PM,9.36,EG,RL,,,N,N,0.54,10/04/2024,0.854538416,10
42,B245_T1S.MP4,24/03/2024,245,19Y,female,steel,1,25.2,2.6,5677,5657,5684,Y,5670,NA,NA,NA,0.28,NA,NA,NA,1,116,116,tail,2:06:00 PM,35.07,RL,EG,,,N,N,0.59,22/03/2024,0.526413762,10
43,B245_T2S.MP4,24/03/2024,245,19Y,female,steel,2,24.5,2.2,1847,1863,1874,Y,1869,NA,NA,NA,0.6,NA,NA,NA,1,43,30,head,2:11:00 PM,41.2,RL,RL,,,N,N,0.59,22/03/2024,0.526413762,10
44,B245_T3S.MP4,24/03/2024,245,19Y,female,steel,3,23.7,2.3,4031,4046,4067,Y,4052,NA,NA,NA,0.6,NA,NA,NA,1,113,113,tail,2:16:00 PM,304.44,RL,EG,,,N,N,0.59,22/03/2024,0.526413762,10
45,B245_T4S.MP4,24/03/2024,245,19Y,female,steel,4,24.2,2.3,5987,5953,5999,Y,5964,NA,NA,NA,0.33,NA,NA,NA,1,150,150,tail,2:22:00 PM,207.29,RL,RL,,,N,N,0.59,22/03/2024,0.526413762,10
46,B245_T5S.MP4,24/03/2024,245,19Y,female,steel,5,28.2,3,6122,6118,6134,Y,6125,6134,NA,NA,0.51,0.23,NA,NA,2,157,157,tail,2:27:00 PM,76.19,RL,EG,,,N,N,0.59,22/03/2024,0.526413762,10
47,B245_T6S.MP4,24/03/2024,245,19Y,female,steel,6,24.4,2.4,11486,11500,11530,Y,11506,NA,NA,NA,0.6,NA,NA,NA,1,134,100,tail,2:30:00 PM,32.29,RL,RL,,,N,N,0.59,22/03/2024,0.526413762,10
48,B245_T7S.MP4,24/03/2024,245,19Y,female,steel,7,25.6,2.3,1782,1783,1805,Y,1801,NA,NA,NA,0.2,NA,NA,NA,1,44,44,head,2:33:00 PM,150.7,RL,EG,,,N,N,0.59,22/03/2024,0.526413762,10
49,B245_T8S.MP4,24/03/2024,245,19Y,female,steel,8,24.3,2.4,2693,2656,2704,Y,2666,NA,NA,NA,0.36,NA,NA,NA,1,138,153,tail,2:37:00 PM,109.74,RL,RL,,,N,N,0.59,22/03/2024,0.526413762,10
50,B245_T9S.MP4,24/03/2024,245,19Y,female,steel,9,26,3,7840,7810,7843,Y,7823,7843,NA,NA,0.28,0.11,NA,NA,2,40,40,head,2:41:00 PM,127.75,RL,EG,,,N,N,0.59,22/03/2024,0.526413762,10
51,B245_T10S.MP4,24/03/2024,245,19Y,female,steel,10,21.6,2.5,6254,6202,6223,Y,6212,NA,NA,NA,0.36,NA,NA,NA,1,37,37,head,2:46:00 PM,127.63,RL,RL,,,N,N,0.59,22/03/2024,0.526413762,10
52,B302_T1S.MP4,24/03/2024,302,17Y,female,steel,1,22.6,1.7,1528,1539,1549,Y,1543,NA,NA,NA,0.9,NA,NA,NA,1,1,1,head,2:45:00 PM,36.4,EG,EG,,,N,N,0.5,22/03/2024,0.824976511,7
53,B302_T2S.MP4,24/03/2024,302,17Y,female,steel,2,19.7,1.5,1184,1141,1185,Y,1185,NA,NA,NA,0.08,NA,NA,NA,1,35,55,head,2:48:00 PM,37.28,EG,RL,,,N,N,0.5,22/03/2024,0.824976511,7
54,B302_T3S.MP4,24/03/2024,302,17Y,female,steel,3,21,1.8,1371,1328,1394,Y,1370,NA,NA,NA,0.09,NA,NA,NA,1,42,42,head,2:52:00 PM,135.15,EG,EG,,,N,N,0.5,22/03/2024,0.824976511,7
55,B302_T4S.MP4,24/03/2024,302,17Y,female,steel,4,19.7,1.5,1305,1309,1364,Y,1325,NA,NA,NA,0.23,NA,NA,NA,1,120,120,tail,2:58:00 PM,67.3,EG,RL,,,N,N,0.5,22/03/2024,0.824976511,7
56,B302_T5S.MP4,24/03/2024,302,17Y,female,steel,5,18.4,1.8,1556,1565,1578,Y,1574,NA,NA,NA,0.4,NA,NA,NA,1,31,40,tail,3:02:00 PM,52.22,EG,EG,,,N,N,0.5,22/03/2024,0.824976511,7
57,B302_T6S.MP4,24/03/2024,302,17Y,female,steel,6,21.4,1.7,992,997,1013,Y,1008,NA,NA,NA,0.33,NA,NA,NA,1,60,60,head,3:07:00 PM,74.88,EG,RL,,,N,N,0.5,22/03/2024,0.824976511,7
58,B302_T7S.MP4,24/03/2024,302,17Y,female,steel,7,21.5,1.7,896,903,916,Y,912,NA,NA,NA,0.4,NA,NA,NA,1,143,143,tail,3:10:00 PM,54.83,EG,EG,10 mins between,,N,N,0.5,22/03/2024,0.824976511,7
59,B341_T1S.MP4,24/03/2024,341,21Y,male,steel,1,20,2.5,954,906,942,Y,917,NA,NA,NA,0.33,NA,NA,NA,1,120,120,tail,4:03:00 PM,56.61,EG,RL,Amended distance from video,,N,N,0.84,25/03/2024,0.628373858,5
60,B341_T2S.MP4,24/03/2024,341,21Y,male,steel,2,19.7,1.7,1143,1091,1135,Y,1129,NA,NA,NA,0.09,NA,NA,NA,1,92,92,tail,4:06:00 PM,46.6,EG,EG,Adjusted setup,,N,N,0.84,25/03/2024,0.628373858,5
61,B341_T3S.MP4,24/03/2024,341,21Y,male,steel,3,14.3,2.5,774,785,806,Y,796,NA,NA,NA,0.33,NA,NA,NA,1,180,120,tail,4:20:00 PM,29.87,EG,RL,Amended distance from video,,N,N,0.84,25/03/2024,0.628373858,5
62,B341_T4S.MP4,24/03/2024,341,21Y,male,steel,4,15,2.8,1418,1386,1410,Y,1401,NA,NA,NA,0.24,NA,NA,NA,1,180,180,tail,4:28:00 PM,25.12,EG,EG,,,N,N,0.84,25/03/2024,0.628373858,5
63,B341_T5S.MP4,24/03/2024,341,21Y,male,steel,5,14.9,1.7,1223,1219,1235,Y,1232,NA,NA,NA,0.28,NA,NA,NA,1,0,0,head,4:29:00 PM,105.04,EG,RL,10 mins between,,N,N,0.84,25/03/2024,0.628373858,5
90,B660_T1S.MP4,27/03/2024,660,22Y,male,steel,1,13.5,1.8,5479,5468,5503,Y,5484,NA,NA,NA,0.23,NA,NA,NA,1,36,36,head,11:43:00 AM,120.44,RL,EG,,,N,N,0.74,25/03/2024,1.141411794,10
91,B660_T2S.MP4,27/03/2024,660,22Y,male,steel,2,17.4,2,3863,3840,3871,Y,3854,NA,NA,NA,0.26,NA,NA,NA,1,35,50,head,11:46:00 AM,146.35,RL,RL,,,N,N,0.74,25/03/2024,1.141411794,10
92,B660_T3S.MP4,27/03/2024,660,22Y,male,steel,3,20.6,3.1,24389,24322,24396,Y,24345,24357,NA,NA,0.16,0.1,NA,NA,2,100,100,tail,11:53:00 AM,61.43,RL,EG,,,N,N,0.74,25/03/2024,1.141411794,10
93,B660_T4S.MP4,27/03/2024,660,22Y,male,steel,4,18.5,2.8,7576,7566,7596,Y,7578,NA,NA,NA,0.3,NA,NA,NA,1,25,25,head,11:57:00 AM,86.26,RL,RL,,,N,N,0.74,25/03/2024,1.141411794,10
94,B660_T5S.MP4,27/03/2024,660,22Y,male,steel,5,21.2,2,2411,2355,2434,Y,2373,NA,NA,NA,0.2,NA,NA,NA,1,56,56,head,11:59:00 AM,262.13,RL,EG,,,N,N,0.74,25/03/2024,1.141411794,10
95,B660_T6S.MP4,27/03/2024,660,22Y,male,steel,6,23.8,1.5,11718,11703,11739,Y,11734,NA,NA,NA,0.12,NA,NA,NA,1,72,72,head,12:07:00 PM,52.21,RL,RL,Amended distance from video,,N,N,0.74,25/03/2024,1.141411794,10
96,B660_T7S.MP4,27/03/2024,660,22Y,male,steel,7,23.7,2.1,1746,1738,1763,Y,1752,NA,NA,NA,0.26,NA,NA,NA,1,36,36,head,12:08:00 PM,130.17,RL,EG,,,N,N,0.74,25/03/2024,1.141411794,10
97,B660_T8S.MP4,27/03/2024,660,22Y,male,steel,8,21.5,2,5458,5471,5490,Y,5484,NA,NA,NA,0.28,NA,NA,NA,1,58,58,head,12:12:00 PM,51.33,RL,RL,Amended distance from video,,N,N,0.74,25/03/2024,1.141411794,10
98,B660_T9S.MP4,27/03/2024,660,22Y,male,steel,9,24.4,3.1,13074,13088,13109,Y,13099,13103,NA,NA,0.33,0.24,NA,NA,2,49,49,head,12:16:00 PM,33.72,RL,EG,,,N,N,0.74,25/03/2024,1.141411794,10
99,B660_T10S.MP4,27/03/2024,660,22Y,male,steel,10,23.9,3.2,5818,5831,5851,Y,5840,5847,NA,NA,0.4,0.23,NA,NA,2,14,14,head,12:18:00 PM,77.39,RL,RL,,,N,N,0.74,25/03/2024,1.141411794,10
118,B529_T1S.MP4,29/03/2024,529,20Y,female,steel,1,17.1,4.3,1537,1519,1562,Y,1531,1546,NA,NA,0.3,0.13,NA,NA,2,154,154,tail,12:19:00 PM,50.63,EG,EG,,,N,N,0.68,22/03/2024,0.384154911,5
119,B529_T2S.MP4,29/03/2024,529,20Y,female,steel,2,17.2,4.2,1666,1645,1758,N,1673,1753,NA,NA,0.13,0.03,NA,NA,2,27,27,head,12:23:00 PM,60.33,EG,RL,Stopped while running,,N,N,0.68,22/03/2024,0.384154911,5
120,B529_T3S.MP4,29/03/2024,529,20Y,female,steel,3,17.4,3.8,1255,1254,1368,Y,1293,1340,NA,NA,0.09,0.04,NA,NA,2,169,169,tail,12:25:00 PM,64.21,EG,EG,,,N,N,0.68,22/03/2024,0.384154911,5
121,B529_T4S.MP4,29/03/2024,529,20Y,female,steel,4,13.5,2.3,1651,1653,1755,Y,1688,NA,NA,NA,0.1,NA,NA,NA,1,147,147,tail,12:29:00 PM,40.94,EG,RL,,,N,N,0.68,22/03/2024,0.384154911,5
122,B529_T5S.MP4,29/03/2024,529,20Y,female,steel,5,15.9,2,1397,1386,1415,Y,1406,NA,NA,NA,0.18,NA,NA,NA,1,16,18,head,12:31:00 PM,44.05,EG,EG,,,N,N,0.68,22/03/2024,0.384154911,5
146,B647_T1S.MP4,03/04/2024,647,77Y,female,steel,1,13.2,2,1211,1292,1335,Y,1316,NA,NA,NA,0.15,NA,NA,NA,1,121,121,tail,11:06:00 AM,40.98,EG,EG,,,N,N,0.65,31/03/2024,0.579370798,9
147,B647_T2S.MP4,03/04/2024,647,77Y,female,steel,2,16,1.9,863,878,899,Y,890,NA,NA,NA,0.3,NA,NA,NA,1,20,20,head,11:07:00 AM,34.12,EG,RL,,,N,N,0.65,31/03/2024,0.579370798,9
148,B647_T3S.MP4,03/04/2024,647,77Y,female,steel,3,14.6,2,985,1001,1020,Y,1014,NA,NA,NA,0.28,NA,NA,NA,1,48,48,head,11:08:00 AM,31.13,EG,EG,,,N,N,0.65,31/03/2024,0.579370798,9
149,B647_T4S.MP4,03/04/2024,647,77Y,female,steel,4,13.6,1.7,1001,1017,1032,Y,1028,NA,NA,NA,0.33,NA,NA,NA,1,19,19,head,11:10:00 AM,19.05,EG,RL,,,N,N,0.65,31/03/2024,0.579370798,9
150,B647_T5S.MP4,03/04/2024,647,77Y,female,steel,5,13.9,2.1,1142,1155,1179,Y,1165,NA,NA,NA,0.36,NA,NA,NA,1,123,123,tail,11:16:00 AM,43.11,EG,EG,,,N,N,0.65,31/03/2024,0.579370798,9
151,B647_T6S.MP4,03/04/2024,647,77Y,female,steel,6,13.8,2.1,1185,1200,1217,Y,1210,NA,NA,NA,0.36,NA,NA,NA,1,18,18,head,11:18:00 AM,41.37,EG,RL,,,N,N,0.65,31/03/2024,0.579370798,9
152,B647_T7S.MP4,03/04/2024,647,77Y,female,steel,7,13,2.2,955,971,988,Y,981,NA,NA,NA,0.36,NA,NA,NA,1,28,28,head,11:19:00 AM,34.9,EG,EG,,,N,N,0.65,31/03/2024,0.579370798,9
153,B647_T8S.MP4,03/04/2024,647,77Y,female,steel,8,13.1,1.7,798,814,840,Y,827,NA,NA,NA,0.28,NA,NA,NA,1,36,36,head,11:21:00 AM,35.09,EG,RL,,,N,N,0.65,31/03/2024,0.579370798,9
154,B647_T9S.MP4,03/04/2024,647,77Y,female,steel,9,13.8,1.7,1786,1801,1830,Y,1821,NA,NA,NA,0.18,NA,NA,NA,1,36,36,tail,11:26:00 AM,43.37,EG,EG,10 mins between,Backwards into burrow ,N,N,0.65,31/03/2024,0.579370798,9
186,B460_T1S.MP4,05/04/2024,460,13W,male,steel,1,21.3,2.3,1132,1118,1145,Y,1131,NA,NA,NA,0.28,NA,NA,NA,1,59,59,head,3:36:00 PM,20.27,EG,EG,Adjusted setup,,N,N,0.74,05/04/2024,0.311686565,10
187,B460_T2S.MP4,05/04/2024,460,13W,male,steel,2,20.1,2.1,1514,1517,1545,Y,1532,NA,NA,NA,0.24,NA,NA,NA,1,15,15,head,3:39:00 PM,16.33,EG,RL,Amended distance from video,,N,N,0.74,05/04/2024,0.311686565,10
188,B460_T3S.MP4,05/04/2024,460,13W,male,steel,3,21.7,3,1621,1626,1640,Y,1634,1640,NA,NA,0.45,0.26,NA,NA,2,143,143,tail,3:41:00 PM,17.65,EG,EG,,,N,N,0.74,05/04/2024,0.311686565,10
189,B460_T4S.MP4,05/04/2024,460,13W,male,steel,4,22.7,2.7,889,897,929,Y,910,NA,NA,NA,0.28,NA,NA,NA,1,20,20,head,3:43:00 PM,9.66,EG,RL,Amended distance from video,,N,N,0.74,05/04/2024,0.311686565,10
190,B460_T5S.MP4,05/04/2024,460,13W,male,steel,5,23.3,3.3,1145,1081,1129,Y,1108,1123,NA,NA,0.13,0.09,NA,NA,2,149,149,tail,3:44:00 PM,66.81,EG,EG,Adjusted setup,,N,N,0.74,05/04/2024,0.311686565,10
191,B460_T6S.MP4,05/04/2024,460,13W,male,steel,6,21.4,3,917,919,945,Y,927,945,NA,NA,0.45,0.14,NA,NA,2,10,20,head,3:47:00 PM,60.69,EG,RL,Amended distance from video,,N,N,0.74,05/04/2024,0.311686565,10
192,B460_T7S.MP4,05/04/2024,460,13W,male,steel,7,22.8,3.3,1105,1115,1134,Y,1123,1130,NA,NA,0.45,0.24,NA,NA,2,146,146,tail,3:49:00 PM,22.43,EG,EG,,,N,N,0.74,05/04/2024,0.311686565,10
193,B460_T8S.MP4,05/04/2024,460,13W,male,steel,8,22.3,2.7,970,987,1012,Y,998,NA,NA,NA,0.33,NA,NA,NA,1,91,91,tail,3:51:00 PM,28.39,EG,RL,,,N,N,0.74,05/04/2024,0.311686565,10
194,B460_T9S.MP4,05/04/2024,460,13W,male,steel,9,21.7,1.8,880,891,904,Y,901,NA,NA,NA,0.36,NA,NA,NA,1,17,17,head,3:53:00 PM,102.53,EG,EG,,,N,N,0.74,05/04/2024,0.311686565,10
195,B460_T10S.MP4,05/04/2024,460,13W,male,steel,10,20.9,2.5,948,944,961,Y,951,NA,NA,NA,0.51,NA,NA,NA,1,40,40,head,3:58:00 PM,41.34,EG,RL,Amended distance from video,,N,N,0.74,05/04/2024,0.311686565,10
206,B689_T1S.MP4,05/04/2024,689,15W,female,steel,1,20.3,2.1,977,989,1002,Y,999,NA,NA,NA,0.36,NA,NA,NA,1,73,73,head,3:09:00 PM,31.92,EG,EG,,,N,N,0.48,05/04/2024,0.278398697,5
207,B689_T2S.MP4,05/04/2024,689,15W,female,steel,2,20.1,1.9,963,909,974,Y,935,NA,NA,NA,0.14,NA,NA,NA,1,98,98,head,3:12:00 PM,17.9,EG,RL,,,Y,N,0.48,05/04/2024,0.278398697,5
208,B689_T3S.MP4,05/04/2024,689,15W,female,steel,3,19.9,2.1,784,789,810,Y,803,NA,NA,NA,0.26,NA,NA,NA,1,73,73,tail,3:13:00 PM,17.32,EG,EG,,,N,N,0.48,05/04/2024,0.278398697,5
209,B689_T4S.MP4,05/04/2024,689,15W,female,steel,4,19.8,3,1320,1332,1348,Y,1340,1348,NA,NA,0.45,0.23,NA,NA,2,139,139,tail,3:14:00 PM,12.49,EG,MJ,,,N,N,0.48,05/04/2024,0.278398697,5
210,B689_T5S.MP4,05/04/2024,689,15W,female,steel,5,20.6,2.6,836,848,867,Y,858,NA,NA,NA,0.36,NA,NA,NA,1,86,86,tail,3:16:00 PM,13.96,EG,EG,,,N,N,0.48,05/04/2024,0.278398697,5
229,B571_T1S.MP4,09/04/2024,571,21W,male,steel,1,18,3,1400,1378,1402,Y,1388,1402,NA,NA,0.36,0.15,NA,NA,2,19,19,head,4:19:00 PM,22.08,EG,MJ,,,N,N,0.72,10/04/2024,0.944475473,5
230,B571_T2S.MP4,09/04/2024,571,21W,male,steel,2,21.1,2.5,1053,996,1080,Y,1006,NA,NA,NA,0.36,NA,NA,NA,1,30,30,head,4:21:00 PM,15.98,EG,EG,,,N,N,0.72,10/04/2024,0.944475473,5
231,B571_T3S.MP4,09/04/2024,571,21W,male,steel,3,21,3,1065,1072,1091,Y,1079,1091,NA,NA,0.51,0.19,NA,NA,2,20,20,head,4:22:00 PM,31.89,EG,RL,Amended distance from video,,N,N,0.72,10/04/2024,0.944475473,5
232,B571_T4S.MP4,09/04/2024,571,21W,male,steel,4,21.3,2.6,764,705,736,Y,722,NA,NA,NA,0.21,NA,NA,NA,1,30,30,head,4:27:00 PM,101.87,EG,EG,Adjusted setup,,N,N,0.72,10/04/2024,0.944475473,5
233,B571_T5S.MP4,09/04/2024,571,21W,male,steel,5,19.5,2.5,729,706,726,Y,718,NA,NA,NA,0.3,NA,NA,NA,1,20,20,head,4:30:00 PM,119.01,EG,MJ,Adjusted setup,,Y,N,0.72,10/04/2024,0.944475473,5
265,B260_T1S.MP4,11/04/2024,260,18W,male,steel,1,21.5,5.6,4532,4472,4499,Y,4480,4488,4493,NA,0.45,0.23,0.17,NA,3,178,178,tail,5:26:00 PM,173.39,RL,MJ,Camera shifts in video,,N,N,0.75,05/04/2024,0.4670135,10
266,B260_T2S.MP4,11/04/2024,260,18W,male,steel,2,19.3,4.6,1980,1915,1950,Y,1926,1939,1947,NA,0.33,0.15,0.11,NA,3,159,159,tail,5:31:00 PM,75.63,RL,EG,,,N,N,0.75,05/04/2024,0.4670135,10
267,B260_T3S.MP4,11/04/2024,260,18W,male,steel,3,18.5,5.1,4487,4420,4455,Y,4427,4435,4444,NA,0.51,0.24,0.15,NA,3,180,140,tail,5:36:00 PM,41.08,RL,RL,,,N,N,0.75,05/04/2024,0.4670135,10
268,B260_T4S.MP4,11/04/2024,260,18W,male,steel,4,20.2,3,506,425,464,Y,438,464,NA,NA,0.28,0.09,NA,NA,2,160,160,tail,5:38:00 PM,61.31,RL,EG,,,N,N,0.75,05/04/2024,0.4670135,10
269,B260_T5S.MP4,11/04/2024,260,18W,male,steel,5,23.8,5,503,510,538,Y,519,526,534,NA,0.4,0.23,0.15,NA,3,168,168,tail,5:40:00 PM,152.83,RL,MJ,Camera shifts in video,,N,N,0.75,05/04/2024,0.4670135,10
270,B260_T6S.MP4,11/04/2024,260,18W,male,steel,6,24.5,3.7,1051,1000,1037,Y,1010,1019,NA,NA,0.36,0.19,NA,NA,2,170,170,tail,5:43:00 PM,52.33,RL,EG,,,N,N,0.75,05/04/2024,0.4670135,10
271,B260_T7S.MP4,11/04/2024,260,18W,male,steel,7,22.5,1.5,554,559,570,Y,570,NA,NA,NA,0.33,NA,NA,NA,1,15,15,head,5:45:00 PM,38.91,RL,RL,,,N,N,0.75,05/04/2024,0.4670135,10
272,B260_T8S.MP4,11/04/2024,260,18W,male,steel,8,23,6.5,4876,4801,4896,Y,4810,4817,4824,4836,0.4,0.23,0.16,0.1,4,161,161,tail,5:46:00 PM,49.62,RL,EG,,,N,N,0.75,05/04/2024,0.4670135,10
273,B260_T9S.MP4,11/04/2024,260,18W,male,steel,9,20.6,6.5,2403,2336,2375,Y,2342,2348,2354,2366,0.6,0.3,0.2,0.12,4,161,161,tail,5:51:00 PM,41.01,RL,MJ,,,N,N,0.75,05/04/2024,0.4670135,10
274,B260_T10S.MP4,11/04/2024,260,18W,male,steel,10,23.5,6.5,806,730,824,Y,738,744,750,763,0.45,0.26,0.18,0.11,4,159,159,tail,5:54:00 PM,35.21,RL,EG,,,N,N,0.75,05/04/2024,0.4670135,10
275,B265_T1S.MP4,12/04/2024,265,26W,female,steel,1,25,2,537,474,489,Y,483,NA,NA,NA,0.4,NA,NA,NA,1,20,20,head,2:00:00 PM,92.36,EG,RL,Amended distance from video,,N,N,0.68,10/04/2024,0.900670202,10
276,B265_T2S.MP4,12/04/2024,265,26W,female,steel,2,25.7,2.5,365,300,319,Y,310,NA,NA,NA,0.36,NA,NA,NA,1,14,14,head,2:02:00 PM,39.51,EG,EG,,,N,N,0.68,10/04/2024,0.900670202,10
277,B265_T3S.MP4,12/04/2024,265,26W,female,steel,3,22.7,2,364,301,318,Y,311,NA,NA,NA,0.36,NA,NA,NA,1,5,5,head,2:04:00 PM,46.07,EG,MJ,,,N,N,0.68,10/04/2024,0.900670202,10
278,B265_T4S.MP4,12/04/2024,265,26W,female,steel,4,27.3,2,686,667,712,Y,681,NA,NA,NA,0.26,NA,NA,NA,1,143,143,tail,2:06:00 PM,31.08,EG,EG,Amended distance from video,,N,N,0.68,10/04/2024,0.900670202,10
279,B265_T5S.MP4,12/04/2024,265,26W,female,steel,5,27.6,2.5,563,504,523,Y,515,NA,NA,NA,0.33,NA,NA,NA,1,5,5,head,2:08:00 PM,43.89,EG,RL,,,N,N,0.68,10/04/2024,0.900670202,10
280,B265_T6S.MP4,12/04/2024,265,26W,female,steel,6,32.4,2.3,411,346,364,Y,355,NA,NA,NA,0.4,NA,NA,NA,1,30,30,head,2:10:00 PM,81.51,EG,EG,,,N,N,0.68,10/04/2024,0.900670202,10
281,B265_T7S.MP4,12/04/2024,265,26W,female,steel,7,32.9,2.3,595,608,620,Y,615,NA,NA,NA,0.51,NA,NA,NA,1,3,3,head,2:13:00 PM,58.24,EG,MJ,,,Y,N,0.68,10/04/2024,0.900670202,10
282,B265_T8S.MP4,12/04/2024,265,26W,female,steel,8,29.7,3,537,491,531,Y,503,531,NA,NA,0.3,0.09,NA,NA,2,155,155,tail,2:17:00 PM,21.11,EG,EG,,,N,N,0.68,10/04/2024,0.900670202,10
283,B265_T9S.MP4,12/04/2024,265,26W,female,steel,9,30,2.3,410,423,436,Y,431,NA,NA,NA,0.45,NA,NA,NA,1,38,38,head,2:18:00 PM,25.03,EG,RL,,,N,N,0.68,10/04/2024,0.900670202,10
284,B265_T10S.MP4,12/04/2024,265,26W,female,steel,10,28.6,2.1,430,440,451,Y,448,NA,NA,NA,0.45,NA,NA,NA,1,158,158,head,2:19:00 PM,31.88,EG,EG,,,N,N,0.68,10/04/2024,0.900670202,10
285,B531_T1S.MP4,12/04/2024,531,29W,male,steel,1,32.4,2.6,1019,958,973,Y,966,NA,NA,NA,0.45,NA,NA,NA,1,100,100,tail,2:50:00 PM,82.07,EG,MJ,Adjusted setup,,N,N,0.72,13/04/2024,0.539299698,10
286,B531_T2S.MP4,12/04/2024,531,29W,male,steel,2,27.1,2.8,339,286,305,Y,296,NA,NA,NA,0.36,NA,NA,NA,1,179,179,head,2:54:00 PM,19.99,EG,EG,Amended distance from video,,N,N,0.72,13/04/2024,0.539299698,10
287,B531_T3S.MP4,12/04/2024,531,29W,male,steel,3,36.4,2.7,554,538,577,Y,550,NA,NA,NA,0.3,NA,NA,NA,1,153,153,tail,2:56:00 PM,32.73,EG,RL,Amended distance from video,,N,N,0.72,13/04/2024,0.539299698,10
288,B531_T4S.MP4,12/04/2024,531,29W,male,steel,4,28.3,3,485,436,470,Y,448,470,NA,NA,0.3,0.11,NA,NA,2,8,8,head,2:57:00 PM,20.49,EG,EG,,,N,N,0.72,13/04/2024,0.539299698,10
289,B531_T5S.MP4,12/04/2024,531,29W,male,steel,5,27.9,2,613,626,637,Y,634,NA,NA,NA,0.45,NA,NA,NA,1,14,14,head,2:58:00 PM,30,EG,MJ,,,N,N,0.72,13/04/2024,0.539299698,10
290,B531_T6S.MP4,12/04/2024,531,29W,male,steel,6,29,2,318,331,344,Y,339,NA,NA,NA,0.45,NA,NA,NA,1,4,4,head,3:00:00 PM,25.77,EG,EG,,,N,N,0.72,13/04/2024,0.539299698,10
291,B531_T7S.MP4,12/04/2024,531,29W,male,steel,7,30.6,1.8,472,488,506,Y,495,NA,NA,NA,0.51,NA,NA,NA,1,23,23,head,3:01:00 PM,27.27,EG,RL,,,N,N,0.72,13/04/2024,0.539299698,10
292,B531_T8S.MP4,12/04/2024,531,29W,male,steel,8,24,1.5,584,597,609,Y,609,NA,NA,NA,0.3,NA,NA,NA,1,12,12,head,3:02:00 PM,38.61,EG,EG,,,Y,N,0.72,13/04/2024,0.539299698,10
293,B531_T9S.MP4,12/04/2024,531,29W,male,steel,9,30.1,3.6,1143,1154,1169,Y,1160,1166,NA,NA,0.6,0.3,NA,NA,2,165,165,tail,3:06:00 PM,25.47,EG,MJ,,,N,N,0.72,13/04/2024,0.539299698,10
294,B531_T10S.MP4,12/04/2024,531,29W,male,steel,10,32.2,2.5,1106,1117,1134,Y,1124,NA,NA,NA,0.51,NA,NA,NA,1,7,7,head,3:07:00 PM,13.79,EG,EG,Amended distance from video,,N,N,0.72,13/04/2024,0.539299698,10
295,B787_T1S.MP4,12/04/2024,787,10W,male,steel,1,17.8,2.8,928,909,924,Y,918,924,NA,NA,0.4,0.24,NA,NA,2,26,26,head,12:25:00 PM,39.45,EG,RL,,,N,N,0.5,04/04/2024,1.274202703,10
296,B787_T2S.MP4,12/04/2024,787,10W,male,steel,2,17.7,3,898,854,877,Y,865,877,NA,NA,0.33,0.16,NA,NA,2,18,18,head,12:27:00 PM,27.47,EG,EG,,,N,N,0.5,04/04/2024,1.274202703,10
297,B787_T3S.MP4,12/04/2024,787,10W,male,steel,3,18.3,3.5,687,670,689,Y,676,684,NA,NA,0.6,0.26,NA,NA,2,8,8,head,12:28:00 PM,27.52,EG,MJ,,,N,N,0.5,04/04/2024,1.274202703,10
298,B787_T4S.MP4,12/04/2024,787,10W,male,steel,4,17.8,3,677,680,702,Y,690,702,NA,NA,0.36,0.16,NA,NA,2,15,15,head,12:30:00 PM,17.4,EG,EG,,,N,N,0.5,04/04/2024,1.274202703,10
299,B787_T5S.MP4,12/04/2024,787,10W,male,steel,5,17.7,3,915,879,895,Y,887,895,NA,NA,0.45,0.23,NA,NA,2,18,18,head,12:31:00 PM,23.11,EG,RL,,,N,N,0.5,04/04/2024,1.274202703,10
300,B787_T6S.MP4,12/04/2024,787,10W,male,steel,6,18.1,3.5,528,488,535,Y,505,535,NA,NA,0.21,0.08,NA,NA,2,14,14,head,12:33:00 PM,32.44,EG,EG,Amended distance from video,,N,N,0.5,04/04/2024,1.274202703,10
301,B787_T7S.MP4,12/04/2024,787,10W,male,steel,7,17.2,4.5,1031,1017,1114,N,1029,1089,1114,NA,0.3,0.05,0.04,NA,3,173,173,tail,12:42:00 PM,10.25,EG,MJ,,,N,N,0.5,04/04/2024,1.274202703,10
302,B787_T8S.MP4,12/04/2024,787,10W,male,steel,8,17.1,3.6,455,405,482,Y,417,467,NA,NA,0.3,0.06,NA,NA,2,10,10,head,12:43:00 PM,34.37,EG,EG,,,N,N,0.5,04/04/2024,1.274202703,10
303,B787_T9S.MP4,12/04/2024,787,10W,male,steel,9,17,4.5,540,499,533,Y,509,521,NA,NA,0.36,0.16,NA,NA,2,15,15,head,12:46:00 PM,26.6,EG,RL,,,Y,N,0.5,04/04/2024,1.274202703,10
304,B787_T10S.MP4,12/04/2024,787,10W,male,steel,10,17,3.5,494,474,510,Y,486,503,NA,NA,0.3,0.12,NA,NA,2,7,7,head,12:47:00 PM,28.54,EG,EG,,,N,N,0.5,04/04/2024,1.274202703,10
305,B646_T1S.MP4,13/04/2024,646,25W,female,steel,1,24.4,4.2,1419,1426,1451,Y,1433,1441,NA,NA,0.51,0.24,NA,NA,2,153,153,tail,12:49:00 PM,50.12,RL,MJ,,,N,N,0.54,10/04/2024,0.854538416,10
306,B646_T2S.MP4,13/04/2024,646,25W,female,steel,2,26.3,4.6,656,660,670,Y,666,674,679,NA,0.6,0.26,0.19,NA,3,136,136,tail,12:52:00 PM,32.49,RL,EG,,,N,N,0.54,10/04/2024,0.854538416,10
307,B646_T3S.MP4,13/04/2024,646,25W,female,steel,3,21.5,5,548,538,683,Y,572,585,611,NA,0.11,0.08,0.05,NA,3,155,155,tail,12:56:00 PM,48.9,RL,RL,,,N,N,0.54,10/04/2024,0.854538416,10
308,B646_T4S.MP4,13/04/2024,646,25W,female,steel,4,22.9,4.9,388,395,459,Y,402,411,421,NA,0.51,0.23,0.14,NA,3,166,166,tail,12:59:00 PM,47.96,RL,EG,,,N,N,0.54,10/04/2024,0.854538416,10
309,B646_T5S.MP4,13/04/2024,646,25W,female,steel,5,21.8,5.5,347,353,395,Y,361,369,379,NA,0.45,0.23,0.14,NA,3,161,161,tail,1:02:00 PM,47.36,RL,MJ,,,N,N,0.54,10/04/2024,0.854538416,10
310,B646_T6S.MP4,13/04/2024,646,25W,female,steel,6,20.3,4.5,670,676,727,Y,687,701,727,NA,0.33,0.14,0.07,NA,3,166,166,tail,1:04:00 PM,51.68,RL,EG,,,N,N,0.54,10/04/2024,0.854538416,10
311,B646_T7S.MP4,13/04/2024,646,25W,female,steel,7,20.3,3.8,198,209,240,Y,215,223,NA,NA,0.6,0.26,NA,NA,2,150,150,tail,1:06:00 PM,49.22,RL,RL,,,N,N,0.54,10/04/2024,0.854538416,10
312,B646_T8S.MP4,13/04/2024,646,25W,female,steel,8,22.3,4.5,157,157,200,Y,180,188,200,NA,0.16,0.12,0.08,NA,3,174,174,tail,1:07:00 PM,47.76,RL,EG,,,N,N,0.54,10/04/2024,0.854538416,10
313,B646_T9S.MP4,13/04/2024,646,25W,female,steel,9,23.7,4,914,910,NA,N,932,NA,NA,NA,0.16,NA,NA,NA,2,64,64,head,1:08:00 PM,28.49,RL,MJ,,,N,N,0.54,10/04/2024,0.854538416,10
314,B646_T10S.MP4,13/04/2024,646,25W,female,steel,10,25.2,5.2,330,255,354,Y,265,280,349,NA,0.36,0.14,0.04,NA,3,17,17,head,1:11:00 PM,41.07,RL,EG,,,N,N,0.54,10/04/2024,0.854538416,10
315,B365_T1S.MP4,14/04/2024,365,34W,female,steel,1,24.1,1.8,996,951,966,Y,961,NA,NA,NA,0.36,NA,NA,NA,1,30,45,head,4:15:00 PM,192.26,RL,RL,,,N,N,0.74,15/04/2024,0.978166054,4
316,B365_T2S.MP4,14/04/2024,365,34W,female,steel,2,24.9,2,451,382,398,Y,393,NA,NA,NA,0.33,NA,NA,NA,1,22,22,head,4:20:00 PM,115.82,RL,EG,,,N,N,0.74,15/04/2024,0.978166054,4
317,B365_T3S.MP4,14/04/2024,365,34W,female,steel,3,24.7,2,938,886,899,Y,893,NA,NA,NA,0.51,NA,NA,NA,1,35,35,head,4:23:00 PM,69.59,RL,MJ,,,N,N,0.74,15/04/2024,0.978166054,4
318,B365_T4S.MP4,14/04/2024,365,34W,female,steel,4,22.7,2.4,965,901,915,Y,908,NA,NA,NA,0.51,NA,NA,NA,1,19,19,head,4:25:00 PM,72.5,RL,EG,,,N,N,0.74,15/04/2024,0.978166054,4
319,B446_T1S.MP4,14/04/2024,446,45W,female,steel,1,23.5,4,718,728,769,Y,738,749,NA,NA,0.36,0.17,NA,NA,2,180,140,tail,12:12:00 PM,43.25,EG,RL,Amended distance from video,,N,Y,0.94,14/04/2024,0.432891605,10
320,B446_T2S.MP4,14/04/2024,446,45W,female,steel,2,21.9,4,652,655,689,Y,665,678,NA,NA,0.36,0.16,NA,NA,2,149,149,tail,12:15:00 PM,38.6,EG,EG,,,N,N,0.94,14/04/2024,0.432891605,10
321,B446_T3S.MP4,14/04/2024,446,45W,female,steel,3,18.7,2.5,591,602,617,Y,610,NA,NA,NA,0.45,NA,NA,NA,1,24,24,head,12:19:00 PM,25.82,EG,MJ,,,N,N,0.94,14/04/2024,0.432891605,10
322,B446_T4S.MP4,14/04/2024,446,45W,female,steel,4,20,3,493,507,521,Y,514,521,NA,NA,0.51,0.26,NA,NA,2,8,8,head,12:21:00 PM,33.79,EG,EG,Amended distance from video,,N,N,0.94,14/04/2024,0.432891605,10
323,B446_T5S.MP4,14/04/2024,446,45W,female,steel,5,25,4.2,492,430,473,Y,441,451,NA,NA,0.33,0.17,NA,NA,2,4,4,head,12:24:00 PM,25.95,EG,RL,,,N,N,0.94,14/04/2024,0.432891605,10
324,B446_T6S.MP4,14/04/2024,446,45W,female,steel,6,23.3,2.4,306,322,335,Y,330,NA,NA,NA,0.45,NA,NA,NA,1,16,16,head,12:25:00 PM,28.04,EG,MJ,,,N,N,0.94,14/04/2024,0.432891605,10
325,B446_T7S.MP4,14/04/2024,446,45W,female,steel,7,23.7,2.6,290,307,325,Y,313,NA,NA,NA,0.6,NA,NA,NA,1,7,7,head,12:26:00 PM,26.87,EG,RL,Amended distance from video,,N,N,0.94,14/04/2024,0.432891605,10
326,B446_T8S.MP4,14/04/2024,446,45W,female,steel,8,23.8,3.5,436,450,468,Y,456,463,NA,NA,0.6,0.28,NA,NA,2,45,45,head,12:28:00 PM,21.86,EG,EG,,,N,N,0.94,14/04/2024,0.432891605,10
327,B446_T9S.MP4,14/04/2024,446,45W,female,steel,9,21.1,3,356,370,383,Y,377,383,NA,NA,0.51,0.28,NA,NA,2,105,114,tail,12:30:00 PM,24.93,EG,MJ,,,N,N,0.94,14/04/2024,0.432891605,10
328,B446_T10S.MP4,14/04/2024,446,45W,female,steel,10,20.7,2.6,718,734,745,Y,740,NA,NA,NA,0.6,NA,NA,NA,1,3,3,head,12:31:00 PM,26.3,EG,EG,,,N,N,0.94,14/04/2024,0.432891605,10
329,B450_T1S.MP4,14/04/2024,450,44W,male,steel,1,27.6,2.5,656,592,625,Y,602,NA,NA,NA,0.36,NA,NA,NA,1,156,120,tail,12:54:00 PM,146.39,EG,RL,Amended distance from video,,N,Y,0.81,15/04/2024,0.362078518,10
330,B450_T2S.MP4,14/04/2024,450,44W,male,steel,2,23.8,2.1,406,354,385,Y,362,NA,NA,NA,0.45,NA,NA,NA,1,31,31,head,12:58:00 PM,28.95,EG,MJ,,,N,N,0.81,15/04/2024,0.362078518,10
331,B450_T3S.MP4,14/04/2024,450,44W,male,steel,3,25.2,3,377,389,402,Y,396,NA,NA,NA,0.51,NA,NA,NA,1,30,30,head,1:00:00 PM,54.52,EG,RL,,,N,N,0.81,15/04/2024,0.362078518,10
332,B450_T4S.MP4,14/04/2024,450,44W,male,steel,4,24.4,2,661,590,615,Y,605,NA,NA,NA,0.24,NA,NA,NA,1,45,45,head,1:02:00 PM,98.77,EG,EG,,,N,N,0.81,15/04/2024,0.362078518,10
333,B450_T5S.MP4,14/04/2024,450,44W,male,steel,5,22.2,2.2,507,520,535,Y,525,NA,NA,NA,0.72,NA,NA,NA,1,11,11,head,1:05:00 PM,256.15,EG,MJ,,Snake during re-emergence,N,N,0.81,15/04/2024,0.362078518,10
334,B450_T6S.MP4,14/04/2024,450,44W,male,steel,6,25.5,2.5,686,699,735,Y,706,NA,NA,NA,0.51,NA,NA,NA,1,40,40,head,1:13:00 PM,64.61,EG,EG,Amended distance from video,,N,N,0.81,15/04/2024,0.362078518,10
335,B450_T7S.MP4,14/04/2024,450,44W,male,steel,7,25.7,2.6,441,437,473,Y,444,NA,NA,NA,0.51,NA,NA,NA,1,150,150,tail,1:16:00 PM,184.89,EG,RL,Adjusted setup,,N,N,0.81,15/04/2024,0.362078518,10
336,B450_T8S.MP4,14/04/2024,450,44W,male,steel,8,26,1.5,672,681,695,Y,695,NA,NA,NA,0.26,NA,NA,NA,1,18,18,head,1:24:00 PM,122.11,EG,MJ,,,N,N,0.81,15/04/2024,0.362078518,10
337,B450_T9S.MP4,14/04/2024,450,44W,male,steel,9,27.6,2.2,690,704,731,Y,723,NA,NA,NA,0.19,NA,NA,NA,1,25,25,head,1:28:00 PM,245.4,EG,RL,Adjusted setup,,N,N,0.81,15/04/2024,0.362078518,10
338,B450_T10S.MP4,14/04/2024,450,44W,male,steel,10,24.3,2.7,781,740,772,Y,753,NA,NA,NA,0.28,NA,NA,NA,1,15,15,head,1:35:00 PM,122.75,EG,EG,,,N,N,0.81,15/04/2024,0.362078518,10
339,B452_T1S.MP4,14/04/2024,452,43W,female,steel,1,23.2,2.4,1489,1421,1446,Y,1435,NA,NA,NA,0.26,NA,NA,NA,1,106.5,106.6,tail,11:17:00 AM,25.97,EG,MJ,,,N,Y,0.67,03/04/2024,0.670392549,9
340,B452_T2S.MP4,14/04/2024,452,43W,female,steel,2,23.5,2.5,574,519,549,Y,533,NA,NA,NA,0.26,NA,NA,NA,1,129,129,tail,11:19:00 AM,23.16,EG,EG,Amended distance from video,,N,N,0.67,03/04/2024,0.670392549,9
341,B452_T3S.MP4,14/04/2024,452,43W,female,steel,3,21.6,3.3,592,527,556,Y,536,546,NA,NA,0.4,0.19,NA,NA,1,36,36,head,11:20:00 AM,21.59,EG,RL,,,N,N,0.67,03/04/2024,0.670392549,9
342,B452_T4S.MP4,14/04/2024,452,43W,female,steel,4,22.6,2,384,324,356,Y,337,NA,NA,NA,0.28,NA,NA,NA,1,19,19,head,11:21:00 AM,26.77,EG,MJ,,,N,N,0.67,03/04/2024,0.670392549,9
343,B452_T5S.MP4,14/04/2024,452,43W,female,steel,5,16.8,2.3,339,275,291,Y,283,NA,NA,NA,0.45,NA,NA,NA,1,18,16,head,11:25:00 AM,20.45,EG,RL,,,N,N,0.67,03/04/2024,0.670392549,9
344,B452_T6S.MP4,14/04/2024,452,43W,female,steel,6,19.7,1.7,340,299,319,Y,313,NA,NA,NA,0.26,NA,NA,NA,1,23,23,head,11:26:00 AM,20.49,EG,EG,,,N,N,0.67,03/04/2024,0.670392549,9
345,B452_T7S.MP4,14/04/2024,452,43W,female,steel,7,22.7,2.5,626,576,604,Y,587,NA,NA,NA,0.33,NA,NA,NA,1,136,136,tail,11:30:00 AM,20.62,EG,MJ,,,Y,N,0.67,03/04/2024,0.670392549,9
346,B452_T8S.MP4,14/04/2024,452,43W,female,steel,8,20.1,2.5,373,316,361,Y,330,NA,NA,NA,0.26,NA,NA,NA,1,25,54,head,11:31:00 AM,21.01,EG,EG,,,N,N,0.67,03/04/2024,0.670392549,9
347,B452_T9S.MP4,14/04/2024,452,43W,female,steel,9,20.7,2.5,301,249,286,Y,265,NA,NA,NA,0.23,NA,NA,NA,1,24,40,head,11:32:00 AM,34.14,EG,RL,10 mins between,,N,N,0.67,03/04/2024,0.670392549,9
358,B025_T1S.MP4,17/04/2024,25,NA,female,steel,1,25.8,3.7,992,943,967,Y,952,960,NA,NA,0.4,0.21,NA,NA,2,168,168,tail,2:35:00 PM,38.09,EG,EG,,,N,Y,0.91,18/04/2024,0.84,10
359,B025_T2S.MP4,17/04/2024,25,NA,female,steel,2,23.4,3.4,570,510,553,Y,517,525,NA,NA,0.51,0.24,NA,NA,2,170,150,tail,2:42:00 PM,43.64,EG,RL,Adjusted setup,,N,N,0.91,18/04/2024,0.84,10
360,B025_T3S.MP4,17/04/2024,25,NA,female,steel,3,20.1,3,1028,992,1010,Y,1001,1010,NA,NA,0.4,0.2,NA,NA,2,169,169,tail,2:47:00 PM,46.55,EG,MJ,,,N,N,0.91,18/04/2024,0.84,10
361,B025_T4S.MP4,17/04/2024,25,NA,female,steel,4,22.9,2,568,512,530,Y,522,NA,NA,NA,0.36,NA,NA,NA,1,64,64,head,2:52:00 PM,45.21,EG,RL,,,N,N,0.91,18/04/2024,0.84,10
362,B025_T5S.MP4,17/04/2024,25,NA,female,steel,5,23.9,3.7,779,718,800,Y,734,759,NA,NA,0.23,0.09,NA,NA,2,137,137,tail,2:54:00 PM,47.67,EG,EG,,,N,N,0.91,18/04/2024,0.84,10
363,B025_T6S.MP4,17/04/2024,25,NA,female,steel,6,25.5,2,545,560,574,Y,570,NA,NA,NA,0.36,NA,NA,NA,1,67,67,head,2:57:00 PM,117.53,EG,MJ,,,N,N,0.91,18/04/2024,0.84,10
364,B025_T7S.MP4,17/04/2024,25,NA,female,steel,7,22,2.7,433,371,406,Y,381,NA,NA,NA,0.36,NA,NA,NA,1,35,35,head,3:00:00 PM,73.7,EG,EG,,,N,N,0.91,18/04/2024,0.84,10
365,B025_T8S.MP4,17/04/2024,25,NA,female,steel,8,24.8,3.3,584,598,627,Y,605,612,NA,NA,0.51,0.26,NA,NA,2,140,100,tail,3:07:00 PM,35.57,EG,RL,,,Y,N,0.91,18/04/2024,0.84,10
366,B025_T9S.MP4,17/04/2024,25,NA,female,steel,9,22.7,2.5,570,580,596,Y,587,NA,NA,NA,0.51,NA,NA,NA,1,33,33,head,3:09:00 PM,22.23,EG,MJ,,,N,N,0.91,18/04/2024,0.84,10
367,B025_T10S.MP4,17/04/2024,25,NA,female,steel,10,23,2.7,611,626,643,Y,634,NA,NA,NA,0.45,NA,NA,NA,1,40,40,head,3:10:00 PM,25.9,EG,RL,,,N,N,0.91,18/04/2024,0.84,10
372,B400_T1S.MP4,17/04/2024,400,NA,female,steel,1,18.7,3.1,345,328,366,Y,352,366,NA,NA,0.15,0.09,NA,NA,2,49,49,head,1:30:00 PM,33.41,RL,MJ,,,N,N,0.69,19/04/2024,0.883101176,10
373,B400_T2S.MP4,17/04/2024,400,NA,female,steel,2,18.9,3.2,482,497,567,Y,540,561,NA,NA,0.08,0.06,NA,NA,2,50,50,head,1:33:00 PM,58.26,RL,RL,,,N,N,0.69,19/04/2024,0.883101176,10
374,B400_T3S.MP4,17/04/2024,400,NA,female,steel,3,18.5,3,526,541,618,Y,597,618,NA,NA,0.06,0.05,NA,NA,2,14,14,head,1:34:00 PM,30.88,RL,EG,Amended distance from video,,N,N,0.69,19/04/2024,0.883101176,10
375,B400_T4S.MP4,17/04/2024,400,NA,female,steel,4,20.5,3.2,1295,1304,1353,Y,1327,1349,NA,NA,0.16,0.08,NA,NA,2,39,39,head,1:36:00 PM,34.34,RL,MJ,,,N,N,0.69,19/04/2024,0.883101176,10
376,B400_T5S.MP4,17/04/2024,400,NA,female,steel,5,25.6,3.7,580,591,636,Y,610,628,NA,NA,0.19,0.1,NA,NA,2,26,26,head,1:38:00 PM,39.16,RL,EG,,,N,N,0.69,19/04/2024,0.883101176,10
377,B400_T6S.MP4,17/04/2024,400,NA,female,steel,6,27.7,3.9,1056,1017,1156,Y,1035,1146,NA,NA,0.2,0.03,NA,NA,2,18,10,head,1:39:00 PM,31.39,RL,RL,,,N,N,0.69,19/04/2024,0.883101176,10
378,B400_T7S.MP4,17/04/2024,400,NA,female,steel,7,24.6,2.5,346,354,396,Y,367,NA,NA,NA,0.28,NA,NA,NA,1,97,97,tail,1:41:00 PM,29.5,RL,MJ,,,N,N,0.69,19/04/2024,0.883101176,10
379,B400_T8S.MP4,17/04/2024,400,NA,female,steel,8,26.4,3.4,9716,9694,9760,Y,9714,9750,NA,NA,0.18,0.06,NA,NA,2,10,10,head,1:43:00 PM,32.43,RL,RL,,,N,N,0.69,19/04/2024,0.883101176,10
380,B400_T9S.MP4,17/04/2024,400,NA,female,steel,9,27.1,3.6,303,303,337,Y,317,337,NA,NA,0.26,0.11,NA,NA,2,16,16,head,1:44:00 PM,29.79,RL,EG,,,N,N,0.69,19/04/2024,0.883101176,10
381,B400_T10S.MP4,17/04/2024,400,NA,female,steel,10,26.9,2.7,1014,977,1040,Y,1000,NA,NA,NA,0.16,NA,NA,NA,1,100,100,tail,1:45:00 PM,25.44,RL,MJ,,,N,N,0.69,19/04/2024,0.883101176,10
397,B729_T1S.MP4,17/04/2024,729,NA,male,steel,1,19.4,2.4,996,973,986,Y,981,NA,NA,NA,0.45,NA,NA,NA,1,23,23,head,1:51:00 PM,27.41,EG,RL,,,N,N,0.85,18/04/2024,0.174072574,10
398,B729_T2S.MP4,17/04/2024,729,NA,male,steel,2,18.9,2.4,809,820,859,Y,833,NA,NA,NA,0.28,NA,NA,NA,1,35,35,head,1:52:00 PM,34.53,EG,EG,,,N,N,0.85,18/04/2024,0.174072574,10
399,B729_T3S.MP4,17/04/2024,729,NA,male,steel,3,27,3.5,763,753,796,Y,773,786,NA,NA,0.18,0.11,NA,NA,2,39,39,head,1:56:00 PM,18.67,EG,MJ,,,N,N,0.85,18/04/2024,0.174072574,10
400,B729_T4S.MP4,17/04/2024,729,NA,male,steel,4,27.2,3,516,503,527,Y,512,527,NA,NA,0.4,0.15,NA,NA,2,16,16,head,1:57:00 PM,19.51,EG,EG,,,N,N,0.85,18/04/2024,0.174072574,10
401,B729_T5S.MP4,17/04/2024,729,NA,male,steel,5,28.4,2.9,452,444,460,Y,452,NA,NA,NA,0.45,NA,NA,NA,1,17,17,head,1:58:00 PM,15.4,EG,RL,Adjusted setup,,N,N,0.85,18/04/2024,0.174072574,10
402,B729_T6S.MP4,17/04/2024,729,NA,male,steel,6,25.7,2,753,737,755,Y,749,NA,NA,NA,0.3,NA,NA,NA,1,35,35,head,2:01:00 PM,14.28,EG,MJ,,,N,N,0.85,18/04/2024,0.174072574,10
403,B729_T7S.MP4,17/04/2024,729,NA,male,steel,7,24.5,2.5,510,455,488,Y,471,NA,NA,NA,0.23,NA,NA,NA,1,20,20,head,2:02:00 PM,27.83,EG,RL,,,Y,N,0.85,18/04/2024,0.174072574,10
404,B729_T8S.MP4,17/04/2024,729,NA,male,steel,8,26.4,2.6,719,722,753,Y,732,NA,NA,NA,0.36,NA,NA,NA,1,15,15,head,2:04:00 PM,16.7,EG,EG,,,N,N,0.85,18/04/2024,0.174072574,10
405,B729_T9S.MP4,17/04/2024,729,NA,male,steel,9,26.4,3,561,527,631,Y,581,631,NA,NA,0.07,0.03,NA,NA,2,7,53,head,2:05:00 PM,15.45,EG,MJ,,,N,N,0.85,18/04/2024,0.174072574,10
406,B729_T10S.MP4,17/04/2024,729,NA,male,steel,10,25.9,2,383,362,417,Y,408,NA,NA,NA,0.08,NA,NA,NA,1,75,75,head,2:06:00 PM,21.64,EG,EG,Amended distance from video,,N,N,0.85,18/04/2024,0.174072574,10
417,B010_T1S.MP4,18/04/2024,10,NA,male,steel,1,14.9,2.2,646,590,631,Y,612,NA,NA,NA,0.16,NA,NA,NA,1,96,96,tail,10:37:00 AM,60.92,EG,MJ,,,Y,N,0.56,03/04/2024,0.351720005,5
418,B010_T2S.MP4,18/04/2024,10,NA,male,steel,2,12.5,2.3,729,675,732,Y,690,NA,NA,NA,0.24,NA,NA,NA,1,28,28,tail,10:43:00 AM,45.77,EG,EG,Amended distance from video,,N,N,0.56,03/04/2024,0.351720005,5
419,B010_T3S.MP4,18/04/2024,10,NA,male,steel,3,19.4,1.7,944,891,979,Y,908,NA,NA,NA,0.21,NA,NA,NA,1,100,100,tail,10:45:00 AM,64.29,EG,RL,Amended distance from video,,N,N,0.56,03/04/2024,0.351720005,5
420,B010_T4S.MP4,18/04/2024,10,NA,male,steel,4,16.5,1.5,478,492,502,Y,502,NA,NA,NA,0.36,NA,NA,NA,1,26,26,head,10:47:00 AM,53.66,EG,MJ,Adjusted setup,,N,N,0.56,03/04/2024,0.351720005,5
421,B010_T5S.MP4,18/04/2024,10,NA,male,steel,5,14.1,1.5,772,788,900,Y,900,NA,NA,NA,0.03,NA,NA,NA,1,20,20,tail,10:52:00 AM,64.21,EG,RL,10 mins between,,N,N,0.56,03/04/2024,0.351720005,5
432,B219_T1S.MP4,18/04/2024,219,NA,female,steel,1,26,2.4,339,297,311,Y,303,NA,NA,NA,0.6,NA,NA,NA,1,28,28,head,3:29:00 PM,98.87,RL,MJ,,,N,N,0.79,19/04/2024,0.561349412,10
433,B219_T2S.MP4,18/04/2024,219,NA,female,steel,2,24.2,2.9,838,770,786,Y,778,NA,NA,NA,0.45,NA,NA,NA,1,25,25,head,3:32:00 PM,105.82,RL,RL,,,N,N,0.79,19/04/2024,0.561349412,10
434,B219_T3S.MP4,18/04/2024,219,NA,female,steel,3,30.4,4,676,636,663,Y,645,651,NA,NA,0.4,0.24,NA,NA,3,170,170,tail,3:36:00 PM,80.95,RL,EG,,,N,N,0.79,19/04/2024,0.561349412,10
435,B219_T4S.MP4,18/04/2024,219,NA,female,steel,4,29.2,3.3,709,673,703,Y,686,701,NA,NA,0.28,0.13,NA,NA,2,54,54,head,3:39:00 PM,76.67,RL,MJ,,,N,N,0.79,19/04/2024,0.561349412,10
436,B219_T5S.MP4,18/04/2024,219,NA,female,steel,5,30.3,2.8,171,148,167,Y,156,NA,NA,NA,0.45,NA,NA,NA,1,10,10,head,3:41:00 PM,93.63,RL,EG,Amended distance from video,,N,N,0.79,19/04/2024,0.561349412,10
437,B219_T6S.MP4,18/04/2024,219,NA,female,steel,6,28.7,2.5,1498,1433,1477,Y,1442,NA,NA,NA,0.4,NA,NA,NA,1,128,128,tail,3:46:00 PM,75.57,RL,RL,,,N,N,0.79,19/04/2024,0.561349412,10
438,B219_T7S.MP4,18/04/2024,219,NA,female,steel,7,28.5,2.4,409,395,408,Y,401,NA,NA,NA,0.6,NA,NA,NA,1,43,43,head,3:48:00 PM,111.1,RL,MJ,,,N,N,0.79,19/04/2024,0.561349412,10
439,B219_T8S.MP4,18/04/2024,219,NA,female,steel,8,29.7,3.8,731,690,724,Y,700,713,NA,NA,0.36,0.16,NA,NA,2,27,27,head,3:52:00 PM,61.54,RL,RL,,,N,N,0.79,19/04/2024,0.561349412,10
440,B219_T9S.MP4,18/04/2024,219,NA,female,steel,9,27.7,1.6,1264,1205,1219,Y,1219,NA,NA,NA,0.26,NA,NA,NA,1,147,147,tail,3:56:00 PM,60.56,RL,EG,,,N,N,0.79,19/04/2024,0.561349412,10
441,B219_T10S.MP4,18/04/2024,219,NA,female,steel,10,29.2,2.6,746,689,714,Y,697,NA,NA,NA,0.45,NA,NA,NA,1,121,121,tail,4:05:00 PM,52.27,RL,MJ,,,N,N,0.79,19/04/2024,0.561349412,10
457,B701_T1S.MP4,18/04/2024,701,NA,female,steel,1,14.1,3.8,903,912,965,Y,920,931,NA,NA,0.45,0.19,NA,NA,2,170,150,tail,2:35:00 PM,30.91,EG,RL,Amended distance from video,,N,N,0.57,03/04/2024,0.511171196,10
458,B701_T2S.MP4,18/04/2024,701,NA,female,steel,2,20.9,3.7,950,932,951,Y,940,946,NA,NA,0.45,0.26,NA,NA,2,173,173,tail,2:37:00 PM,27.12,EG,EG,,,N,N,0.57,03/04/2024,0.511171196,10
459,B701_T3S.MP4,18/04/2024,701,NA,female,steel,3,15.2,2.2,761,774,787,Y,782,NA,NA,NA,0.45,NA,NA,NA,1,15,15,head,2:39:00 PM,62.77,EG,MJ,,,N,N,0.57,03/04/2024,0.511171196,10
460,B701_T4S.MP4,18/04/2024,701,NA,female,steel,4,18,2.3,764,756,766,Y,768,NA,NA,NA,0.3,NA,NA,NA,1,4,4,head,2:42:00 PM,31.26,EG,EG,,,N,N,0.57,03/04/2024,0.511171196,10
461,B701_T5S.MP4,18/04/2024,701,NA,female,steel,5,24.7,4,900,911,951,Y,920,928,NA,NA,0.4,0.21,NA,NA,2,180,175,tail,2:45:00 PM,33.06,EG,RL,,,N,N,0.57,03/04/2024,0.511171196,10
462,B701_T6S.MP4,18/04/2024,701,NA,female,steel,6,26.1,3.5,1009,1019,1035,Y,1026,1032,NA,NA,0.51,0.28,NA,NA,2,20,20,head,2:48:00 PM,30.71,EG,MJ,,,N,N,0.57,03/04/2024,0.511171196,10
463,B701_T7S.MP4,18/04/2024,701,NA,female,steel,7,27.4,3.7,756,763,795,Y,773,784,NA,NA,0.36,0.17,NA,NA,2,19,19,head,2:50:00 PM,23.07,EG,RL,Amended distance from video,,N,N,0.57,03/04/2024,0.511171196,10
464,B701_T8S.MP4,18/04/2024,701,NA,female,steel,8,20.2,2,811,821,833,Y,831,NA,NA,NA,0.36,NA,NA,NA,1,16,16,head,2:51:00 PM,44.75,EG,EG,,,N,N,0.57,03/04/2024,0.511171196,10
465,B701_T9S.MP4,18/04/2024,701,NA,female,steel,9,20.8,3,596,606,NA,N,615,NA,NA,NA,0.4,NA,NA,NA,2,17,17,head,2:53:00 PM,16.93,EG,MJ,,,N,N,0.57,03/04/2024,0.511171196,10
466,B701_T10S.MP4,18/04/2024,701,NA,female,steel,10,28.1,3.6,547,555,NA,N,562,568,NA,NA,0.51,0.28,NA,NA,2,43,43,head,2:55:00 PM,17.45,EG,EG,,,N,N,0.57,03/04/2024,0.511171196,10
470,B736_T1S.MP4,18/04/2024,736,NA,female,steel,1,20.1,3.3,931,882,912,Y,898,908,NA,NA,0.23,0.14,NA,NA,2,150,150,tail,11:12:00 AM,29.84,EG,EG,,,N,N,0.85,19/04/2024,1.023455823,6
471,B736_T2S.MP4,18/04/2024,736,NA,female,steel,2,16.6,2.1,827,771,784,Y,781,NA,NA,NA,0.36,NA,NA,NA,1,22,22,head,11:14:00 AM,38.33,EG,MJ,,,N,N,0.85,19/04/2024,1.023455823,6
472,B736_T3S.MP4,18/04/2024,736,NA,female,steel,3,18.7,1.7,697,692,708,Y,702,NA,NA,NA,0.36,NA,NA,NA,1,6,6,head,11:15:00 AM,33.22,EG,EG,,,N,N,0.85,19/04/2024,1.023455823,6
473,B736_T4S.MP4,18/04/2024,736,NA,female,steel,4,16.8,3.2,629,612,650,Y,628,641,NA,NA,0.23,0.12,NA,NA,2,13,13,head,11:17:00 AM,31.88,EG,RL,,,N,N,0.85,19/04/2024,1.023455823,6
474,B736_T5S.MP4,18/04/2024,736,NA,female,steel,5,18.1,2.7,890,898,912,Y,907,NA,NA,NA,0.4,NA,NA,NA,2,0,0,head,11:20:00 AM,56.8,EG,MJ,,,N,N,0.85,19/04/2024,1.023455823,6
475,B736_T6S.MP4,18/04/2024,736,NA,female,steel,6,16.4,2.3,709,664,737,Y,684,701,NA,NA,0.18,0.1,NA,NA,2,15,15,head,11:25:00 AM,50.66,EG,RL,10 mins between,,N,N,0.85,19/04/2024,1.023455823,6
513,B768_T1S.MP4,21/04/2024,768,23W,female,steel,1,30.9,2.5,1316,1249,1273,Y,1261,NA,NA,NA,0.3,NA,NA,NA,1,16,16,head,3:06:00 PM,75.46,EG,MJ,,,N,N,0.68,10/04/2024,0.170193639,10
514,B768_T2S.MP4,21/04/2024,768,23W,female,steel,2,35.8,2.1,634,586,614,Y,601,NA,NA,NA,0.24,NA,NA,NA,1,40,40,head,3:08:00 PM,52.5,EG,EG,Amended distance from video,,N,N,0.68,10/04/2024,0.170193639,10
515,B768_T3S.MP4,21/04/2024,768,23W,female,steel,3,30.6,2.2,718,704,727,N,716,NA,NA,NA,0.3,NA,NA,NA,1,10,25,head,3:12:00 PM,19.39,EG,RL,,,N,N,0.68,10/04/2024,0.170193639,10
516,B768_T4S.MP4,21/04/2024,768,23W,female,steel,4,29.3,2,703,717,742,N,730,NA,NA,NA,0.28,NA,NA,NA,1,2,2,head,3:15:00 PM,27.86,EG,MJ,,,N,N,0.68,10/04/2024,0.170193639,10
517,B768_T5S.MP4,21/04/2024,768,23W,female,steel,5,32.1,2.1,639,634,676,Y,650,NA,NA,NA,0.23,NA,NA,NA,1,10,40,head,3:16:00 PM,35.23,EG,RL,,,N,N,0.68,10/04/2024,0.170193639,10
518,B768_T6S.MP4,21/04/2024,768,23W,female,steel,6,31.5,1.7,623,636,675,Y,665,NA,NA,NA,0.12,NA,NA,NA,1,26,26,head,3:18:00 PM,69.16,EG,EG,,,Y,N,0.68,10/04/2024,0.170193639,10
519,B768_T7S.MP4,21/04/2024,768,23W,female,steel,7,27.7,1.6,661,618,644,Y,633,NA,NA,NA,0.24,NA,NA,NA,1,145,145,tail,3:21:00 PM,42.19,EG,MJ,,,N,N,0.68,10/04/2024,0.170193639,10
520,B768_T8S.MP4,21/04/2024,768,23W,female,steel,8,25.4,2.7,616,628,648,N,640,NA,NA,NA,0.3,NA,NA,NA,1,34,34,head,3:22:00 PM,29.87,EG,EG,,,N,N,0.68,10/04/2024,0.170193639,10
521,B768_T9S.MP4,21/04/2024,768,23W,female,steel,9,25.1,2.3,498,514,540,Y,528,NA,NA,NA,0.26,NA,NA,NA,1,10,10,head,3:23:00 PM,39.41,EG,RL,,,N,N,0.68,10/04/2024,0.170193639,10
522,B768_T10S.MP4,21/04/2024,768,23W,female,steel,10,22.4,2,507,519,535,N,530,NA,NA,NA,0.33,NA,NA,NA,1,160,160,tail,3:25:00 PM,67.91,EG,MJ,,,N,N,0.68,10/04/2024,0.170193639,10
537,B517_T1S.MP4,23/04/2024,517,NA,male,steel,1,20.8,1.9,637,646,656,Y,654,NA,NA,NA,0.45,NA,NA,NA,1,40,40,head,12:28:00 PM,55.21,EG,MJ,,,N,N,,,0.580265764,4
538,B517_T2S.MP4,23/04/2024,517,NA,male,steel,2,20.2,2,514,526,538,Y,535,NA,NA,NA,0.4,NA,NA,NA,1,57,57,head,12:30:00 PM,72.15,EG,EG,,,N,N,,,0.580265764,4
539,B517_T3S.MP4,23/04/2024,517,NA,male,steel,3,18.4,1.6,644,659,673,Y,668,NA,NA,NA,0.4,NA,NA,NA,1,45,45,head,12:32:00 PM,50.08,EG,RL,,,N,N,,,0.580265764,4
540,B517_T4S.MP4,23/04/2024,517,NA,male,steel,4,17.8,1.5,548,564,572,Y,572,NA,NA,NA,0.45,NA,NA,NA,1,47,47,head,12:34:00 PM,51.79,EG,MJ,10 mins between,,N,N,,,0.580265764,4
